Workbook

Sheet README
A1: Workbook | B1: REDU presentation-ready analysis workbook
A2: Source
A3: Formula policy | B3: Uses scalar Excel-compatible formulas: COUNTIFS, SUMIFS, AVERAGEIFS, INDEX, MATCH, TTEST, TDIST, TINV, CORREL, RANK, VAR, STDEV.
A4: Avoided | B4: FILTER, LET, UNIQUE, XLOOKUP, AGGREGATE array extraction, and implicit-intersection @ formulas were avoided to reduce Excel repair/compatibility issues.
A5: Raw tabs | B5: Canonical raw .csv sheets are kept at the end of the workbook for validation.
A6: Missing | B6: Open-ended feedback and SME sheets remain placeholders unless actual responses are collected.
A7: Guide | B7: See GUIDE for sheet purposes, interpretation thresholds, and missing-data cautions.

Sheet GUIDE
A1: REDU Statistician Guide and Interpretation Notes
A2: Use the PDF for methodology/interpretation review; use Excel for raw data, formulas, and audit trails. This guide summarizes the thesis context, workbook flow, terms, interpretation rules, and formula-audit rules.
A5: Thesis Overview
A6: Topic | B6: Description
A7: Project | B7: REDU: Doomscrolling Detection and Digital Mindfulness Mobile Application for Short-Form Video Platforms Using VADER and Fuzzy Logic.
A8: System purpose | B8: A privacy-preserving Android app that estimates doomscrolling-related risk from observable mobile-use signals. It is not a clinical diagnostic tool.
A9: Core pipeline | B9: The app logs short-form video sessions, extracts available text, applies VADER-compatible sentiment analysis with Filipino/Taglish support, uses an on-device VLM fallback for no-text items, and estimates session risk through fuzzy logic.
A10: Evaluation focus | B10: The workbook supports software acceptability, short-term behavioral comparison, baseline convergent association, prompt/data-quality summaries, and later SME validation when completed.
A12: Study Design and Workbook Flow
A13: Component | B13: What it means for analysis
A14: Week 1 baseline | B14: Logging period used for baseline usage metrics, fixed-prior DSI, and first Doomscrolling Scale administration.
A15: Week 2 comparison | B15: Intervention/control comparison period. Week 2 minus Week 1 change scores feed RQ2.
A16: Post-use survey | B16: Participants answer ISO/IEC 25010, SUS, TAM, and open-ended items. Survey wording is mapped in QUESTIONS.
A17: SME review | B17: SME sheets are placeholders unless completed expert responses are added; do not treat current blank SME sheets as RQ5 evidence.
A18: PDF companion | B18: PDF contains the assumption-selected reporting layer; Excel contains raw data, formulas, and audit trail.
A20: Research Questions and Sheet Map
A21: RQ | B21: Question focus | C21: Workbook evidence
A22: RQ1 | B22: System architecture and estimation framework | C22: Thesis chapters; not an inferential workbook test.
A23: RQ2 | B23: Week 1 to Week 2 usage/self-report differences | C23: CHANGE_SCORES, RQ2_CHANGE_TESTS, RQ2_GROUP_DATA, RQ2_PAIRED_INTERVENTION, RQ2_FINAL_TESTS_PDF_ALIGNED.
A24: RQ3 | B24: Baseline association between Week 1 DSI/app metrics and Week 1 Doomscrolling Scale | C24: RQ3_DATA and RQ3_CORRELATION.
A25: RQ4 | B25: User evaluation through ISO/IEC 25010, SUS, and TAM | C25: SURVEY_ANALYSIS, ISOIEC 25010, Usability(SUS), TAM(PUPEOU), SURVEY_SCORES.
A26: RQ5 | B26: SME evaluation | C26: sme_evaluation.csv and sme_open_ended_feedback.csv; placeholders until actual responses are entered.
A28: Important Terms
A29: Term | B29: Meaning
A30: Doomscrolling | B30: Compulsive or repeated consumption of negative/distressing online content.
A31: Session | B31: A logged short-form video platform use interval summarized by the app.
A32: Video dwell time | B32: Average time spent on viewed short-form video items, reported in seconds.
A33: NSD | B33: Negative Sentiment Density: percentage of resolved content units classified as negative.
A34: RiskScore | B34: Session-level fuzzy-logic output on a 0-100 scale.
A35: DSI | B35: Doomscroll Severity Index: week-level mean of reliable session RiskScores. It is an analytic index, not a diagnosis.
A36: OOV ratio | B36: Out-of-vocabulary token proportion. High OOV is a reliability concern, not a sentiment score.
A37: Sentiment-reliable session | B37: A session with enough reliable text or VLM-resolved content to include in NSD/DSI analysis.
A38: ISO/IEC 25010 | B38: Software-quality evaluation framework.
A39: SUS | B39: System Usability Scale; ten items scored to a 0-100 usability score.
A40: TAM | B40: Technology Acceptance Model; Perceived Usefulness and Perceived Ease of Use.
A41: SME | B41: Subject matter expert.
A43: Interpretation and Formula Audit Rules
A44: Rule | B44: Instruction
A45: ISO/TAM favorable target | B45: Mean >= 3.50.
A46: SUS usability target | B46: SUS score >= 70.
A47: SME favorable target | B47: Mean >= 4.00 if actual SME ratings are entered.
A48: Cronbach alpha | B48: alpha >= 0.70 as internal-consistency benchmark.
A49: P-values | B49: p < .05 is statistical significance, interpreted as exploratory/pilot-scale evidence.
A50: Change score | B50: Week 2 - Week 1; direction depends on metric.
A51: Actual formulas | B51: Cells beginning with = are formulas.
A52: Text reference labels | B52: Cells like Text reference: RQ3_DATA!$C$2:$C$51 are labels only. Do not add =; Excel may spill.
A54: Major Sheet Purposes
A55: Sheet | B55: Purpose
A56: PDF_ALIGNMENT_NOTES | B56: Explains how the PDF and Excel should be read together.
A57: RQ2_FINAL_TESTS_PDF_ALIGNED | B57: Final PDF-aligned RQ2 reporting/reference values.
A58: RQ2_CHANGE_TESTS | B58: Welch/t-test formula reference and audit support.
A59: FORMULA_NOTES | B59: Formula dictionary and audit support.
A60: QUESTIONS | B60: Maps workbook variables to full administered item wording.
A61: STATISTICIAN_SIGNOFF | B61: Signature and validation page.

Sheet QUESTIONS
A1: Questionnaire Codebook
A2: Full administered item wording mapped to workbook variables. Raw q1/q2 headers remain unchanged so formulas and imports stay stable.
A3: Purpose | B3: Allows a statistician, adviser, or panel reader to audit the exact questionnaire wording without cross-checking external materials.
A6: Important note | B6: SME evaluation and SME open-ended sheets are placeholders unless actual expert responses are entered.
A7: Instrument | B7: Section / Construct | C7: Workbook sheet | D7: Workbook column | E7: Item no. | F7: Question / Item wording | G7: Response scale | H7: Scoring / interpretation | I7: Respondent | J7: Source
A8: Participant Form | B8: Study eligibility note | C8: Not stored in standardized raw tabs | F8: This study is open only to participants who are 18 years old and above, use an Android smartphone (Android 8.0 or higher), and are active users of short-form video platforms such as TikTok, Facebook Reels, or Instagram Reels. | G8: Information only | H8: Eligibility statement shown before consent. | I8: Participant
A9: Participant Form | B9: Data privacy notice | C9: Not stored in standardized raw tabs | F9: DATA PRIVACY ACT We are committed to upholding the rights of individuals to data privacy. We follow the principles of transparency, legitimate purpose, and proportionality in processing personal data. We comply with Republic Act No. 10173 or the Data Privacy Act of 2012, including its Implementing Rules and Regulations issued by the National Privacy Commission. All collected data will be used solely for academic research purposes and will be kept confidential. | G9: Information only | H9: Privacy notice shown before consent. | I9: Participant
A10: Participant Form | B10: Participant Consent | C10: Not stored in standardized raw tabs | E10: Consent 1 | F10: I have read and understood the Data Privacy Act statement above. | G10: Checkbox acknowledgment | H10: Required consent acknowledgment before participation. | I10: Participant
A11: Participant Form | B11: Participant Consent | C11: Not stored in standardized raw tabs | E11: Consent 2 | F11: I voluntarily agree to participate in this study. | G11: Checkbox acknowledgment | H11: Required consent acknowledgment before participation. | I11: Participant
A12: Participant Form | B12: Participant Consent | C12: Not stored in standardized raw tabs | E12: Consent 3 | F12: I understand that my responses will be used for academic research purposes only. | G12: Checkbox acknowledgment | H12: Required consent acknowledgment before participation. | I12: Participant
A13: Participant Form | B13: Eligibility | C13: Not stored in standardized raw tabs | F13: Are you 18 years old or above? | G13: Yes; No | H13: Screening/profile item; not part of ISO/SUS/TAM computation. | I13: Participant
A14: Participant Form | B14: Basic Information | C14: Not stored in standardized raw tabs | F14: What best describes your current role? | G14: Undergraduate Student; College Graduate | H14: Screening/profile item; not part of ISO/SUS/TAM computation. | I14: Participant
A15: Participant Form | B15: Media Platforms | C15: Not stored in standardized raw tabs | F15: Which of the following short-form video platforms do you currently use? | G15: Facebook; TikTok; Instagram | H15: Screening/profile item; not part of ISO/SUS/TAM computation. | I15: Participant
A16: Participant Form | B16: Device Screening | C16: Not stored in standardized raw tabs | F16: What device do you primarily use for short-form video apps? | G16: Android smartphone; Other (not included in study) | H16: Screening/profile item; not part of ISO/SUS/TAM computation. | I16: Participant
A17: ISO/IEC 25010 | B17: Functional Suitability | C17: survey_iso25010.csv | D17: functional_q1 | E17: Q1 | F17: The application performs intended functions correctly. | G17: 1=Strongly Disagree; 2=Disagree; 3=Neutral; 4=Agree; 5=Strongly Agree | H17: Compute construct mean and SD; favorable benchmark is mean >= 3.50. | I17: Participant
A18: ISO/IEC 25010 | B18: Functional Suitability | C18: survey_iso25010.csv | D18: functional_q2 | E18: Q2 | F18: The monitoring system works properly. | G18: 1=Strongly Disagree; 2=Disagree; 3=Neutral; 4=Agree; 5=Strongly Agree | H18: Compute construct mean and SD; favorable benchmark is mean >= 3.50. | I18: Participant
A19: ISO/IEC 25010 | B19: Functional Suitability | C19: survey_iso25010.csv | D19: functional_q3 | E19: Q3 | F19: Notifications appear appropriately. | G19: 1=Strongly Disagree; 2=Disagree; 3=Neutral; 4=Agree; 5=Strongly Agree | H19: Compute construct mean and SD; favorable benchmark is mean >= 3.50. | I19: Participant
A20: ISO/IEC 25010 | B20: Functional Suitability | C20: survey_iso25010.csv | D20: functional_q4 | E20: Q4 | F20: Dashboard information is useful. | G20: 1=Strongly Disagree; 2=Disagree; 3=Neutral; 4=Agree; 5=Strongly Agree | H20: Compute construct mean and SD; favorable benchmark is mean >= 3.50. | I20: Participant
A21: ISO/IEC 25010 | B21: Functional Suitability | C21: survey_iso25010.csv | D21: functional_q5 | E21: Q5 | F21: Features support doomscrolling awareness. | G21: 1=Strongly Disagree; 2=Disagree; 3=Neutral; 4=Agree; 5=Strongly Agree | H21: Compute construct mean and SD; favorable benchmark is mean >= 3.50. | I21: Participant
A22: ISO/IEC 25010 | B22: Performance Efficiency | C22: survey_iso25010.csv | D22: performance_q1 | E22: Q1 | F22: App runs smoothly. | G22: 1=Strongly Disagree; 2=Disagree; 3=Neutral; 4=Agree; 5=Strongly Agree | H22: Compute construct mean and SD; favorable benchmark is mean >= 3.50. | I22: Participant
A23: ISO/IEC 25010 | B23: Performance Efficiency | C23: survey_iso25010.csv | D23: performance_q2 | E23: Q2 | F23: App does not slow device. | G23: 1=Strongly Disagree; 2=Disagree; 3=Neutral; 4=Agree; 5=Strongly Agree | H23: Compute construct mean and SD; favorable benchmark is mean >= 3.50. | I23: Participant
A24: ISO/IEC 25010 | B24: Performance Efficiency | C24: survey_iso25010.csv | D24: performance_q3 | E24: Q3 | F24: Battery use acceptable. | G24: 1=Strongly Disagree; 2=Disagree; 3=Neutral; 4=Agree; 5=Strongly Agree | H24: Compute construct mean and SD; favorable benchmark is mean >= 3.50. | I24: Participant
A25: ISO/IEC 25010 | B25: Performance Efficiency | C25: survey_iso25010.csv | D25: performance_q4 | E25: Q4 | F25: Fast response time. | G25: 1=Strongly Disagree; 2=Disagree; 3=Neutral; 4=Agree; 5=Strongly Agree | H25: Compute construct mean and SD; favorable benchmark is mean >= 3.50. | I25: Participant
A26: ISO/IEC 25010 | B26: Performance Efficiency | C26: survey_iso25010.csv | D26: performance_q5 | E26: Q5 | F26: Efficient resource usage. | G26: 1=Strongly Disagree; 2=Disagree; 3=Neutral; 4=Agree; 5=Strongly Agree | H26: Compute construct mean and SD; favorable benchmark is mean >= 3.50. | I26: Participant
A27: ISO/IEC 25010 | B27: Reliability | C27: survey_iso25010.csv | D27: reliability_q1 | E27: Q1 | F27: The application remained stable during use. | G27: 1=Strongly Disagree; 2=Disagree; 3=Neutral; 4=Agree; 5=Strongly Agree | H27: Compute construct mean and SD; favorable benchmark is mean >= 3.50. | I27: Participant
A28: ISO/IEC 25010 | B28: Reliability | C28: survey_iso25010.csv | D28: reliability_q2 | E28: Q2 | F28: The app rarely crashes or stops unexpectedly. | G28: 1=Strongly Disagree; 2=Disagree; 3=Neutral; 4=Agree; 5=Strongly Agree | H28: Compute construct mean and SD; favorable benchmark is mean >= 3.50. | I28: Participant
... A53: Technology Acceptance Model (TAM) | B53: Perceived Ease of Use (PEOU) | C53: tam_responses.csv | D53: peou_q6 | E53: Q6 | F53: Overall, the application is easy to use. | G53: 1=Strongly Disagree; 2=Disagree; 3=Neutral; 4=Agree; 5=Strongly Agree | H53: Compute construct mean and SD; favorable benchmark is mean >= 3.50. | I53: Participant
A54: Participant Open-Ended Feedback | B54: Strengths | C54: open_ended_feedback.csv | D54: liked_most | F54: What are the strengths of the proposed system? | G54: Free-text response | H54: Qualitative context only; theme coding can be entered in coded_theme after responses are collected. | I54: Participant
A55: Participant Open-Ended Feedback | B55: Areas for improvement | C55: open_ended_feedback.csv | D55: main_difficulty | F55: What areas of the system require improvement? | G55: Free-text response | H55: Qualitative context only; theme coding can be entered in coded_theme after responses are collected. | I55: Participant
A56: Participant Open-Ended Feedback | B56: Additional recommendations | C56: open_ended_feedback.csv | D56: suggested_improvement | F56: Additional recommendations: | G56: Free-text response | H56: Qualitative context only; theme coding can be entered in coded_theme after responses are collected. | I56: Participant
A57: Participant Open-Ended Feedback | B57: Privacy comment | C57: open_ended_feedback.csv | D57: privacy_comment | F57: Optional privacy-related participant comment, if collected or coded from open-ended feedback. | G57: Free-text response / coded note | H57: Qualitative context only; current participant form does not show this as a separate prompt. | I57: Participant
A58: Participant Open-Ended Feedback | B58: Coded theme | C58: open_ended_feedback.csv | D58: coded_theme | F58: Researcher-coded qualitative theme for participant feedback. | G58: Researcher-coded category | H58: Used only after actual open-ended responses are coded. | I58: Researcher
A59: Short-Form Doomscrolling Scale | B59: Past-week self-report | C59: doomscrolling_scale.csv | D59: ds_q1 | E59: Item 1 | F59: I feel an urge to seek bad news on social media, more and more often. | G59: 1=Strongly disagree; 2=Disagree; 3=Somewhat disagree; 4=Neither agree nor disagree; 5=Somewhat agree; 6=Agree; 7=Strongly agree | H59: Administered with the stem: In the past week, please indicate how strongly you agree with each statement. Score is the sum of the four items; higher score indicates stronger self-reported doomscrolling tendency. | I59: Participant
A60: Short-Form Doomscrolling Scale | B60: Past-week self-report | C60: doomscrolling_scale.csv | D60: ds_q2 | E60: Item 2 | F60: I lose track of time when I read bad news on social media. | G60: 1=Strongly disagree; 2=Disagree; 3=Somewhat disagree; 4=Neither agree nor disagree; 5=Somewhat agree; 6=Agree; 7=Strongly agree | H60: Administered with the stem: In the past week, please indicate how strongly you agree with each statement. Score is the sum of the four items; higher score indicates stronger self-reported doomscrolling tendency. | I60: Participant
A61: Short-Form Doomscrolling Scale | B61: Past-week self-report | C61: doomscrolling_scale.csv | D61: ds_q10 | E61: Item 10 | F61: I find myself continuously browsing negative news. | G61: 1=Strongly disagree; 2=Disagree; 3=Somewhat disagree; 4=Neither agree nor disagree; 5=Somewhat agree; 6=Agree; 7=Strongly agree | H61: Administered with the stem: In the past week, please indicate how strongly you agree with each statement. Score is the sum of the four items; higher score indicates stronger self-reported doomscrolling tendency. | I61: Participant
A62: Short-Form Doomscrolling Scale | B62: Past-week self-report | C62: doomscrolling_scale.csv | D62: ds_q12 | E62: Item 12 | F62: I feel like I am addicted to negative news. | G62: 1=Strongly disagree; 2=Disagree; 3=Somewhat disagree; 4=Neither agree nor disagree; 5=Somewhat agree; 6=Agree; 7=Strongly agree | H62: Administered with the stem: In the past week, please indicate how strongly you agree with each statement. Score is the sum of the four items; higher score indicates stronger self-reported doomscrolling tendency. | I62: Participant
A63: Short-Form Doomscrolling Scale | B63: Recall window | C63: doomscrolling_scale.csv | D63: recall_window | F63: Past 7 days. | G63: Fixed recall window | H63: Used for Week 1 and Week 2 administrations; change score is Week 2 minus Week 1. | I63: Participant
A64: SME Evaluation | B64: Structured expert rubric | C64: sme_evaluation.csv | D64: technical_soundness | F64: Technical soundness of the hybrid risk-estimation framework, including VADER integration and fuzzy inference behavior. | G64: 1=Strongly Disagree / Very Poor; 2=Disagree / Poor; 3=Neutral / Fair; 4=Agree / Good; 5=Strongly Agree / Excellent | H64: Compute mean and SD descriptively; favorable expert benchmark is mean >= 4.00. Current SME rows are placeholders unless completed responses are added. | I64: SME / expert
A65: SME Evaluation | B65: Structured expert rubric | C65: sme_evaluation.csv | D65: input_range_plausibility | F65: Plausibility of the selected input ranges for Video Dwell Time, Negative Sentiment Density, and Session Duration. | G65: 1=Strongly Disagree / Very Poor; 2=Disagree / Poor; 3=Neutral / Fair; 4=Agree / Good; 5=Strongly Agree / Excellent | H65: Compute mean and SD descriptively; favorable expert benchmark is mean >= 4.00. Current SME rows are placeholders unless completed responses are added. | I65: SME / expert
A66: SME Evaluation | B66: Structured expert rubric | C66: sme_evaluation.csv | D66: rule_base_coherence | F66: Internal coherence of the 27-rule base, including sensible direction across duration and negative exposure and reasonable exception rules. | G66: 1=Strongly Disagree / Very Poor; 2=Disagree / Poor; 3=Neutral / Fair; 4=Agree / Good; 5=Strongly Agree / Excellent | H66: Compute mean and SD descriptively; favorable expert benchmark is mean >= 4.00. Current SME rows are placeholders unless completed responses are added. | I66: SME / expert
A67: SME Evaluation | B67: Structured expert rubric | C67: sme_evaluation.csv | D67: architecture_privacy_quality | F67: Quality of the system architecture and privacy implementation. | G67: 1=Strongly Disagree / Very Poor; 2=Disagree / Poor; 3=Neutral / Fair; 4=Agree / Good; 5=Strongly Agree / Excellent | H67: Compute mean and SD descriptively; favorable expert benchmark is mean >= 4.00. Current SME rows are placeholders unless completed responses are added. | I67: SME / expert
A68: SME Evaluation | B68: Structured expert rubric | C68: sme_evaluation.csv | D68: intervention_appropriateness | F68: Appropriateness of the intervention design. | G68: 1=Strongly Disagree / Very Poor; 2=Disagree / Poor; 3=Neutral / Fair; 4=Agree / Good; 5=Strongly Agree / Excellent | H68: Compute mean and SD descriptively; favorable expert benchmark is mean >= 4.00. Current SME rows are placeholders unless completed responses are added. | I68: SME / expert
A69: SME Evaluation | B69: Structured expert rubric | C69: sme_evaluation.csv | D69: overall_iso25010_quality | F69: Overall software quality using the same ISO/IEC 25010 characteristics evaluated by end users. | G69: 1=Strongly Disagree / Very Poor; 2=Disagree / Poor; 3=Neutral / Fair; 4=Agree / Good; 5=Strongly Agree / Excellent | H69: Compute mean and SD descriptively; favorable expert benchmark is mean >= 4.00. Current SME rows are placeholders unless completed responses are added. | I69: SME / expert
A70: SME Evaluation | B70: Expert identity | C70: sme_evaluation.csv | D70: expert_id | F70: Expert identifier. | G70: Identifier | H70: Used to distinguish expert rows without exposing unnecessary personal information. | I70: SME / expert
A71: SME Evaluation | B71: Expert role | C71: sme_evaluation.csv | D71: expert_role | F71: Expert role or domain. | G71: Role label | H71: Expected panel: mobile/software development, data science/fuzzy logic, and digital well-being/behavioral psychology/educational technology; workbook currently includes placeholders unless completed. | I71: SME / expert
A72: SME Evaluation | B72: Overall mean | C72: sme_evaluation.csv | D72: overall_mean | F72: Mean of structured SME rubric ratings. | G72: Formula / numeric mean | H72: Favorable expert benchmark is mean >= 4.00. | I72: Researcher/statistician
A73: SME Open-Ended Feedback | B73: Expert qualitative feedback | C73: sme_open_ended_feedback.csv | D73: technical_design_comment | F73: Comment on the technical design of the system. | G73: Free-text response | H73: Qualitative expert appraisal only; current SME feedback sheet is blank unless actual expert comments are added. | I73: SME / expert
A74: SME Open-Ended Feedback | B74: Expert qualitative feedback | C74: sme_open_ended_feedback.csv | D74: privacy_safeguard_comment | F74: Comment on the privacy safeguards and local processing design. | G74: Free-text response | H74: Qualitative expert appraisal only; current SME feedback sheet is blank unless actual expert comments are added. | I74: SME / expert
... A77: SME Open-Ended Feedback | B77: Expert qualitative feedback | C77: sme_open_ended_feedback.csv | D77: recommended_revisions | F77: Recommended revisions before deployment, reporting, or future development. | G77: Free-text response | H77: Qualitative expert appraisal only; current SME feedback sheet is blank unless actual expert comments are added. | I77: SME / expert

Sheet STATISTICIAN_SIGNOFF
A1: Statistician Validation and Sign-Off
A2: This page is reserved for the statistician or adviser to confirm that the workbook data structure, formulas, and computations were reviewed. Leave blank until signed.
A5: Review Scope
A6: Item | B6: Review Area | C6: Confirmation / Notes | D6: Initials
A7: 1 | B7: Raw data tabs reviewed
A8: 2 | B8: Survey scoring and thresholds reviewed
A9: 3 | B9: Week 1 / Week 2 computations reviewed
A10: 4 | B10: RQ2 statistical tests reviewed
A11: 5 | B11: RQ3 correlation computations reviewed
A12: 6 | B12: Formula compatibility checked
A13: 7 | B13: Missing qualitative / SME data noted
A16: Sign-Off
A18: Statistician / Validator Name
A20: Professional Title / Affiliation
A22: License / Registration No. (if applicable)
A24: Date Reviewed
A27: Signature
D31: Place signature inside the box above.
A34: Validation Statement: I have reviewed the relevant workbook sheets, visible formulas, questionnaire mapping, and analysis outputs for consistency with the stated computation plan. Any exceptions or qualifications may be written in the notes area above.

Sheet PDF_ALIGNMENT_NOTES
A1: PDF and Excel Alignment Notes
A2: Use the PDF for methodology/interpretation review; use Excel for raw data, formulas, and audit trails. This sheet records known alignment points and differences so the statistician does not see a silent mismatch.
A5: Where PDF and Excel Agree
A6: Area | B6: Alignment note
A7: Sample size | B7: Both documents use N = 50, with intervention/control target split 25/25.
A8: Raw sessions | B8: Excel contains 10,134 logged sessions in sessions.csv; PDF reports 10,134 logged sessions.
A9: Reliability status | B9: PDF reports 8,817 reliable sessions and 1,317 sentiment-unreliable sessions; Excel raw sheets contain the same reliability-event structure and session reliability flags.
A10: Survey constructs | B10: Both use ISO/IEC 25010, SUS, TAM, and the 4-item Doomscrolling Scale.
A11: Thresholds | B11: Both use ISO/TAM >= 3.50, SUS >= 70, SME >= 4.00, Cronbach alpha >= 0.70, and p < .05.
A12: Open-ended and SME data | B12: Both indicate participant open-ended feedback and SME evaluation are not yet collected/completed.
A13: DSI/RQ3 framing | B13: Both treat DSI/RQ3 as baseline convergent plausibility evidence, not diagnostic validation.
A15: Known Differences and How to Read Them
A16: Issue | B16: Excel status | C16: PDF status | D16: Review instruction
A17: RQ2 final test selection | B17: Existing RQ2_CHANGE_TESTS computes Welch-style reference formulas for all change-score outcomes. | C17: PDF reports final assumption-selected tests: duration uses Welch; dwell, NSD, and Doomscrolling use Mann-Whitney U. | D17: Use RQ2_FINAL_TESTS_PDF_ALIGNED for final reporting values; use RQ2_CHANGE_TESTS for formula audit/reference.
A18: Within-intervention tests | B18: Existing RQ2_PAIRED_INTERVENTION computes paired t-test formulas for all outcomes. | C18: PDF reports paired t-test for duration/dwell and Wilcoxon fallback for NSD/Doomscrolling. | D18: Use the PDF-aligned sheet for final method labels and values.
A19: Effect sizes and CIs | B19: Excel Welch reference sheet contains formula-based Cohen d and CI fields for t-test route. | C19: PDF includes final effect sizes/CIs matched to the selected test route. | D19: Treat PDF-aligned final values as statistician-review values.
A20: Prompt-excluded active-use metrics | B20: Excel raw sessions include prompt_excluded_duration_ms, but no final prompt-excluded comparison sheet is present. | C20: PDF explicitly says this comparison is not separately computed in this export. | D20: Do not report prompt-excluded comparisons unless a new analysis sheet is added later.
A22: Companion Files
A23: File | B23: Role
A24: Statistician_Validation_Package.pdf | B24: Readable methodology, validation questions, assumption-selected final RQ2 results, and sign-off package.
A25: REDU ANALYSIS RESULT - STATISTICIAN READY - PDF ALIGNED.xlsx | B25: Raw data tabs, Excel formulas, questionnaire/codebook, PDF alignment notes, and formula audit trail.

Sheet EXECUTIVE_SUMMARY
A1: REDU Quantitative Analysis Summary | H1: What this sheet is for
A2: Section | B2: Metric | C2: Value / Formula | D2: Status | E2: Source | F2: Notes | H2: Quick view of participant counts, survey targets, RQ2/RQ3 statistics, and missing qualitative/SME data.
A3: Study | B3: Participants | C3: =COUNTA(study_periods.csv!$A$2:$A$51) -> 50 | E3: study_periods.csv | F3: Expected N = 50.
A4: Study | B4: Intervention group | C4: =COUNTIF(study_periods.csv!$B$2:$B$51,"INTERVENTION") -> 25 | E4: study_periods.csv | H4: How to read it: Use this as a navigation summary. Validate detailed calculations in the named source sheets.
A5: Study | B5: Control group | C5: =COUNTIF(study_periods.csv!$B$2:$B$51,"CONTROL") -> 25 | E5: study_periods.csv
A6: RQ4 | B6: ISO/SUS/TAM targets | C6: =COUNTIF(SURVEY_ANALYSIS!$H$2:$H$7,"Met")&" of "&COUNTA(SURVEY_ANALYSIS!$A$2:$A$7)&" met" -> 6 of 6 met | E6: SURVEY_ANALYSIS
A7: RQ2 | B7: Duration change p | C7: =RQ2_CHANGE_TESTS!K3 -> 0.00023630003 | D7: =RQ2_CHANGE_TESTS!N3 -> 0.0069484649 | E7: RQ2_CHANGE_TESTS | F7: Welch test on change scores.
A8: RQ2 | B8: Dwell change p | C8: =RQ2_CHANGE_TESTS!K4 -> 3.0285527e-05 | D8: =RQ2_CHANGE_TESTS!N4 -> 0.0069484649 | E8: RQ2_CHANGE_TESTS
A9: RQ2 | B9: NSD change p | C9: =RQ2_CHANGE_TESTS!K5 -> 1.4422395e-06 | D9: =RQ2_CHANGE_TESTS!N5 -> 0.0069484649 | E9: RQ2_CHANGE_TESTS
A10: RQ2 | B10: Doomscrolling score change p | C10: =RQ2_CHANGE_TESTS!K7 -> 4.4272306e-06 | D10: =RQ2_CHANGE_TESTS!N7 -> 0.0069484649 | E10: RQ2_CHANGE_TESTS
A11: RQ3 | B11: Week 1 DSI Pearson r | C11: =RQ3_CORRELATION!E5 -> 0.82474855 | D11: =RQ3_CORRELATION!G5 -> 5.7492061e-13 | E11: RQ3_CORRELATION | F11: Eligible participants only.
A12: Missing | B12: Open-ended feedback | C12: Blank placeholder | D12: Not ready | E12: open_ended_feedback.csv | F12: Qualitative themes still require actual participant responses (Phase 5). Still outstanding.
A13: Missing | B13: SME evaluation | C13: Partial - mobile rubric transcribed | D13: Partial | E13: sme_evaluation.csv | F13: SME-MOB-01 rubric in sme_evaluation (Approved, all 5s); SME-PSY-01 rubric PENDING - signed narrative validation on file (expert-review/), excerpts in sme_open_ended_feedback.

Sheet SURVEY_ANALYSIS
A1: construct | B1: n | C1: items | D1: mean | E1: sd | F1: cronbach_alpha | G1: threshold | H1: target_status | I1: metric | K1: What this sheet is for
A2: Functional Suitability | B2: =COUNTA(SURVEY_SCORES!$A$2:$A$51) -> 50 | C2: 5 | D2: =AVERAGE(SURVEY_SCORES!$B$2:$B$51) -> 3.928 | E2: =STDEV(SURVEY_SCORES!$B$2:$B$51) -> 0.50103566 | F2: =(5/(5-1))*(1-(SUM(VAR(survey_iso25010.csv!$B$2:$B$51),VAR(survey_iso25010.csv!$C$2:$C$51),VAR(survey_iso25010.csv!$D$2:$D$51),VAR(survey_iso25010.csv!$E$2:$E$51),VAR(survey_iso25010.csv!$F$2:$F$51))/VAR(survey_iso25010.csv!$G$2:$G$51))) -> 0.85246488 | G2: 3.5 | H2: =IF(D2>=G2,"Met","Not met") -> Met | I2: Likert mean | K2: Computes ISO, SUS, TAM means, standard deviations, Cronbach alpha, thresholds, and Met/Not met status.
A3: Performance Efficiency | B3: =COUNTA(SURVEY_SCORES!$A$2:$A$51) -> 50 | C3: 5 | D3: =AVERAGE(SURVEY_SCORES!$C$2:$C$51) -> 4.088 | E3: =STDEV(SURVEY_SCORES!$C$2:$C$51) -> 0.54982001 | F3: =(5/(5-1))*(1-(SUM(VAR(survey_iso25010.csv!$H$2:$H$51),VAR(survey_iso25010.csv!$I$2:$I$51),VAR(survey_iso25010.csv!$J$2:$J$51),VAR(survey_iso25010.csv!$K$2:$K$51),VAR(survey_iso25010.csv!$L$2:$L$51))/VAR(survey_iso25010.csv!$M$2:$M$51))) -> 0.85939188 | G3: 3.5 | H3: =IF(D3>=G3,"Met","Not met") -> Met | I3: Likert mean
A4: Reliability | B4: =COUNTA(SURVEY_SCORES!$A$2:$A$51) -> 50 | C4: 5 | D4: =AVERAGE(SURVEY_SCORES!$D$2:$D$51) -> 4.048 | E4: =STDEV(SURVEY_SCORES!$D$2:$D$51) -> 0.49743834 | F4: =(5/(5-1))*(1-(SUM(VAR(survey_iso25010.csv!$N$2:$N$51),VAR(survey_iso25010.csv!$O$2:$O$51),VAR(survey_iso25010.csv!$P$2:$P$51),VAR(survey_iso25010.csv!$Q$2:$Q$51),VAR(survey_iso25010.csv!$R$2:$R$51))/VAR(survey_iso25010.csv!$S$2:$S$51))) -> 0.71720771 | G4: 3.5 | H4: =IF(D4>=G4,"Met","Not met") -> Met | I4: Likert mean | K4: How to read it: Interpret ISO/TAM means >= 3.50 as favorable, SUS >= 70 as favorable, and alpha >= 0.70 as acceptable internal consistency.
A5: SUS Usability | B5: =COUNTA(SURVEY_SCORES!$A$2:$A$51) -> 50 | C5: 10 | D5: =AVERAGE(SURVEY_SCORES!$E$2:$E$51) -> 80.95 | E5: =STDEV(SURVEY_SCORES!$E$2:$E$51) -> 14.828011 | F5: =(10/(10-1))*(1-(SUM(VAR(SURVEY_SCORES!$H$2:$H$51),VAR(SURVEY_SCORES!$I$2:$I$51),VAR(SURVEY_SCORES!$J$2:$J$51),VAR(SURVEY_SCORES!$K$2:$K$51),VAR(SURVEY_SCORES!$L$2:$L$51),VAR(SURVEY_SCORES!$M$2:$M$51),VAR(SURVEY_SCORES!$N$2:$N$51),VAR(SURVEY_SCORES!$O$2:$O$51),VAR(SURVEY_SCORES!$P$2:$P$51),VAR(SURVEY_SCORES!$Q$2:$Q$51))/VAR(SURVEY_SCORES!$R$2:$R$51))) -> 0.95670883 | G5: 70 | H5: =IF(D5>=G5,"Met","Not met") -> Met | I5: SUS 0-100
A6: TAM Perceived Usefulness | B6: =COUNTA(SURVEY_SCORES!$A$2:$A$51) -> 50 | C6: 6 | D6: =AVERAGE(SURVEY_SCORES!$F$2:$F$51) -> 4.1166667 | E6: =STDEV(SURVEY_SCORES!$F$2:$F$51) -> 0.40159828 | F6: =(6/(6-1))*(1-(SUM(VAR(tam_responses.csv!$B$2:$B$51),VAR(tam_responses.csv!$C$2:$C$51),VAR(tam_responses.csv!$D$2:$D$51),VAR(tam_responses.csv!$E$2:$E$51),VAR(tam_responses.csv!$F$2:$F$51),VAR(tam_responses.csv!$G$2:$G$51))/VAR(tam_responses.csv!$H$2:$H$51))) -> 0.74977856 | G6: 3.5 | H6: =IF(D6>=G6,"Met","Not met") -> Met | I6: Likert mean
A7: TAM Perceived Ease of Use | B7: =COUNTA(SURVEY_SCORES!$A$2:$A$51) -> 50 | C7: 6 | D7: =AVERAGE(SURVEY_SCORES!$G$2:$G$51) -> 4.09 | E7: =STDEV(SURVEY_SCORES!$G$2:$G$51) -> 0.53474516 | F7: =(6/(6-1))*(1-(SUM(VAR(tam_responses.csv!$I$2:$I$51),VAR(tam_responses.csv!$J$2:$J$51),VAR(tam_responses.csv!$K$2:$K$51),VAR(tam_responses.csv!$L$2:$L$51),VAR(tam_responses.csv!$M$2:$M$51),VAR(tam_responses.csv!$N$2:$N$51))/VAR(tam_responses.csv!$O$2:$O$51))) -> 0.85538242 | G7: 3.5 | H7: =IF(D7>=G7,"Met","Not met") -> Met | I7: Likert mean

Sheet ISOIEC 25010
A1: ISO/IEC 25010 User Evaluation | AC1: What this sheet is for
AC2: Participant software-quality ratings for Functional Suitability, Performance Efficiency, and Reliability.
A3: Numerical Rating | B3: Mean Score Range | C3: Likert Interpretation | E3: I. Functional Suitability | M3: II. Performance Efficiency | U3: III. Reliability
A4: 5 | B4: 4.21 - 5.00 | C4: Strongly Agree | E4: Respondents | F4: Q1 | G4: Q2 | H4: Q3 | I4: Q4 | J4: Q5 | K4: TOTAL | M4: Respondents | N4: Q1 | O4: Q2 | P4: Q3 | Q4: Q4 | R4: Q5 | S4: TOTAL | U4: Respondents | V4: Q1 | W4: Q2 | X4: Q3 | Y4: Q4 | Z4: Q5 | AA4: TOTAL | AC4: How to read it: Use the Likert legend on the left. Construct means >= 3.50 meet the thesis favorable target.
A5: 4 | B5: 3.50 - 4.20 | C5: Agree | E5: =survey_iso25010.csv!A2 -> R1 | F5: =survey_iso25010.csv!B2 -> 4 | G5: =survey_iso25010.csv!C2 -> 4 | H5: =survey_iso25010.csv!D2 -> 4 | I5: =survey_iso25010.csv!E2 -> 4 | J5: =survey_iso25010.csv!F2 -> 4 | K5: =SUM(F5:J5) -> 20 | M5: =survey_iso25010.csv!A2 -> R1 | N5: =survey_iso25010.csv!H2 -> 4 | O5: =survey_iso25010.csv!I2 -> 3 | P5: =survey_iso25010.csv!J2 -> 4 | Q5: =survey_iso25010.csv!K2 -> 5 | R5: =survey_iso25010.csv!L2 -> 4 | S5: =SUM(N5:R5) -> 20 | U5: =survey_iso25010.csv!A2 -> R1 | V5: =survey_iso25010.csv!N2 -> 4 | W5: =survey_iso25010.csv!O2 -> 4 | X5: =survey_iso25010.csv!P2 -> 5 | Y5: =survey_iso25010.csv!Q2 -> 5 | Z5: =survey_iso25010.csv!R2 -> 3 | AA5: =SUM(V5:Z5) -> 21
A6: 3 | B6: 2.61 - 3.49 | C6: Neutral | E6: =survey_iso25010.csv!A3 -> R2 | F6: =survey_iso25010.csv!B3 -> 4 | G6: =survey_iso25010.csv!C3 -> 4 | H6: =survey_iso25010.csv!D3 -> 4 | I6: =survey_iso25010.csv!E3 -> 3 | J6: =survey_iso25010.csv!F3 -> 4 | K6: =SUM(F6:J6) -> 19 | M6: =survey_iso25010.csv!A3 -> R2 | N6: =survey_iso25010.csv!H3 -> 4 | O6: =survey_iso25010.csv!I3 -> 3 | P6: =survey_iso25010.csv!J3 -> 3 | Q6: =survey_iso25010.csv!K3 -> 3 | R6: =survey_iso25010.csv!L3 -> 4 | S6: =SUM(N6:R6) -> 17 | U6: =survey_iso25010.csv!A3 -> R2 | V6: =survey_iso25010.csv!N3 -> 4 | W6: =survey_iso25010.csv!O3 -> 3 | X6: =survey_iso25010.csv!P3 -> 4 | Y6: =survey_iso25010.csv!Q3 -> 3 | Z6: =survey_iso25010.csv!R3 -> 4 | AA6: =SUM(V6:Z6) -> 18
A7: 2 | B7: 1.81 - 2.60 | C7: Disagree | E7: =survey_iso25010.csv!A4 -> R3 | F7: =survey_iso25010.csv!B4 -> 4 | G7: =survey_iso25010.csv!C4 -> 4 | H7: =survey_iso25010.csv!D4 -> 4 | I7: =survey_iso25010.csv!E4 -> 4 | J7: =survey_iso25010.csv!F4 -> 4 | K7: =SUM(F7:J7) -> 20 | M7: =survey_iso25010.csv!A4 -> R3 | N7: =survey_iso25010.csv!H4 -> 4 | O7: =survey_iso25010.csv!I4 -> 4 | P7: =survey_iso25010.csv!J4 -> 4 | Q7: =survey_iso25010.csv!K4 -> 4 | R7: =survey_iso25010.csv!L4 -> 4 | S7: =SUM(N7:R7) -> 20 | U7: =survey_iso25010.csv!A4 -> R3 | V7: =survey_iso25010.csv!N4 -> 4 | W7: =survey_iso25010.csv!O4 -> 4 | X7: =survey_iso25010.csv!P4 -> 4 | Y7: =survey_iso25010.csv!Q4 -> 4 | Z7: =survey_iso25010.csv!R4 -> 4 | AA7: =SUM(V7:Z7) -> 20
A8: 1 | B8: 1.00 - 1.80 | C8: Strongly Disagree | E8: =survey_iso25010.csv!A5 -> R4 | F8: =survey_iso25010.csv!B5 -> 4 | G8: =survey_iso25010.csv!C5 -> 4 | H8: =survey_iso25010.csv!D5 -> 4 | I8: =survey_iso25010.csv!E5 -> 4 | J8: =survey_iso25010.csv!F5 -> 4 | K8: =SUM(F8:J8) -> 20 | M8: =survey_iso25010.csv!A5 -> R4 | N8: =survey_iso25010.csv!H5 -> 4 | O8: =survey_iso25010.csv!I5 -> 5 | P8: =survey_iso25010.csv!J5 -> 5 | Q8: =survey_iso25010.csv!K5 -> 5 | R8: =survey_iso25010.csv!L5 -> 5 | S8: =SUM(N8:R8) -> 24 | U8: =survey_iso25010.csv!A5 -> R4 | V8: =survey_iso25010.csv!N5 -> 5 | W8: =survey_iso25010.csv!O5 -> 5 | X8: =survey_iso25010.csv!P5 -> 3 | Y8: =survey_iso25010.csv!Q5 -> 5 | Z8: =survey_iso25010.csv!R5 -> 5 | AA8: =SUM(V8:Z8) -> 23
E9: =survey_iso25010.csv!A6 -> R5 | F9: =survey_iso25010.csv!B6 -> 4 | G9: =survey_iso25010.csv!C6 -> 4 | H9: =survey_iso25010.csv!D6 -> 4 | I9: =survey_iso25010.csv!E6 -> 4 | J9: =survey_iso25010.csv!F6 -> 4 | K9: =SUM(F9:J9) -> 20 | M9: =survey_iso25010.csv!A6 -> R5 | N9: =survey_iso25010.csv!H6 -> 5 | O9: =survey_iso25010.csv!I6 -> 5 | P9: =survey_iso25010.csv!J6 -> 5 | Q9: =survey_iso25010.csv!K6 -> 5 | R9: =survey_iso25010.csv!L6 -> 5 | S9: =SUM(N9:R9) -> 25 | U9: =survey_iso25010.csv!A6 -> R5 | V9: =survey_iso25010.csv!N6 -> 4 | W9: =survey_iso25010.csv!O6 -> 4 | X9: =survey_iso25010.csv!P6 -> 3 | Y9: =survey_iso25010.csv!Q6 -> 3 | Z9: =survey_iso25010.csv!R6 -> 3 | AA9: =SUM(V9:Z9) -> 17
E10: =survey_iso25010.csv!A7 -> R6 | F10: =survey_iso25010.csv!B7 -> 3 | G10: =survey_iso25010.csv!C7 -> 3 | H10: =survey_iso25010.csv!D7 -> 3 | I10: =survey_iso25010.csv!E7 -> 3 | J10: =survey_iso25010.csv!F7 -> 3 | K10: =SUM(F10:J10) -> 15 | M10: =survey_iso25010.csv!A7 -> R6 | N10: =survey_iso25010.csv!H7 -> 3 | O10: =survey_iso25010.csv!I7 -> 3 | P10: =survey_iso25010.csv!J7 -> 3 | Q10: =survey_iso25010.csv!K7 -> 3 | R10: =survey_iso25010.csv!L7 -> 3 | S10: =SUM(N10:R10) -> 15 | U10: =survey_iso25010.csv!A7 -> R6 | V10: =survey_iso25010.csv!N7 -> 3 | W10: =survey_iso25010.csv!O7 -> 3 | X10: =survey_iso25010.csv!P7 -> 3 | Y10: =survey_iso25010.csv!Q7 -> 3 | Z10: =survey_iso25010.csv!R7 -> 3 | AA10: =SUM(V10:Z10) -> 15
E11: =survey_iso25010.csv!A8 -> R7 | F11: =survey_iso25010.csv!B8 -> 4 | G11: =survey_iso25010.csv!C8 -> 4 | H11: =survey_iso25010.csv!D8 -> 4 | I11: =survey_iso25010.csv!E8 -> 4 | J11: =survey_iso25010.csv!F8 -> 4 | K11: =SUM(F11:J11) -> 20 | M11: =survey_iso25010.csv!A8 -> R7 | N11: =survey_iso25010.csv!H8 -> 4 | O11: =survey_iso25010.csv!I8 -> 4 | P11: =survey_iso25010.csv!J8 -> 4 | Q11: =survey_iso25010.csv!K8 -> 4 | R11: =survey_iso25010.csv!L8 -> 4 | S11: =SUM(N11:R11) -> 20 | U11: =survey_iso25010.csv!A8 -> R7 | V11: =survey_iso25010.csv!N8 -> 4 | W11: =survey_iso25010.csv!O8 -> 4 | X11: =survey_iso25010.csv!P8 -> 4 | Y11: =survey_iso25010.csv!Q8 -> 4 | Z11: =survey_iso25010.csv!R8 -> 4 | AA11: =SUM(V11:Z11) -> 20
E12: =survey_iso25010.csv!A9 -> R8 | F12: =survey_iso25010.csv!B9 -> 3 | G12: =survey_iso25010.csv!C9 -> 3 | H12: =survey_iso25010.csv!D9 -> 3 | I12: =survey_iso25010.csv!E9 -> 3 | J12: =survey_iso25010.csv!F9 -> 3 | K12: =SUM(F12:J12) -> 15 | M12: =survey_iso25010.csv!A9 -> R8 | N12: =survey_iso25010.csv!H9 -> 3 | O12: =survey_iso25010.csv!I9 -> 3 | P12: =survey_iso25010.csv!J9 -> 3 | Q12: =survey_iso25010.csv!K9 -> 4 | R12: =survey_iso25010.csv!L9 -> 4 | S12: =SUM(N12:R12) -> 17 | U12: =survey_iso25010.csv!A9 -> R8 | V12: =survey_iso25010.csv!N9 -> 4 | W12: =survey_iso25010.csv!O9 -> 4 | X12: =survey_iso25010.csv!P9 -> 4 | Y12: =survey_iso25010.csv!Q9 -> 4 | Z12: =survey_iso25010.csv!R9 -> 4 | AA12: =SUM(V12:Z12) -> 20
E13: =survey_iso25010.csv!A10 -> R9 | F13: =survey_iso25010.csv!B10 -> 4 | G13: =survey_iso25010.csv!C10 -> 4 | H13: =survey_iso25010.csv!D10 -> 4 | I13: =survey_iso25010.csv!E10 -> 4 | J13: =survey_iso25010.csv!F10 -> 4 | K13: =SUM(F13:J13) -> 20 | M13: =survey_iso25010.csv!A10 -> R9 | N13: =survey_iso25010.csv!H10 -> 4 | O13: =survey_iso25010.csv!I10 -> 4 | P13: =survey_iso25010.csv!J10 -> 4 | Q13: =survey_iso25010.csv!K10 -> 4 | R13: =survey_iso25010.csv!L10 -> 4 | S13: =SUM(N13:R13) -> 20 | U13: =survey_iso25010.csv!A10 -> R9 | V13: =survey_iso25010.csv!N10 -> 4 | W13: =survey_iso25010.csv!O10 -> 4 | X13: =survey_iso25010.csv!P10 -> 4 | Y13: =survey_iso25010.csv!Q10 -> 4 | Z13: =survey_iso25010.csv!R10 -> 4 | AA13: =SUM(V13:Z13) -> 20
E14: =survey_iso25010.csv!A11 -> R10 | F14: =survey_iso25010.csv!B11 -> 3 | G14: =survey_iso25010.csv!C11 -> 3 | H14: =survey_iso25010.csv!D11 -> 3 | I14: =survey_iso25010.csv!E11 -> 3 | J14: =survey_iso25010.csv!F11 -> 3 | K14: =SUM(F14:J14) -> 15 | M14: =survey_iso25010.csv!A11 -> R10 | N14: =survey_iso25010.csv!H11 -> 3 | O14: =survey_iso25010.csv!I11 -> 3 | P14: =survey_iso25010.csv!J11 -> 3 | Q14: =survey_iso25010.csv!K11 -> 3 | R14: =survey_iso25010.csv!L11 -> 3 | S14: =SUM(N14:R14) -> 15 | U14: =survey_iso25010.csv!A11 -> R10 | V14: =survey_iso25010.csv!N11 -> 3 | W14: =survey_iso25010.csv!O11 -> 3 | X14: =survey_iso25010.csv!P11 -> 3 | Y14: =survey_iso25010.csv!Q11 -> 3 | Z14: =survey_iso25010.csv!R11 -> 3 | AA14: =SUM(V14:Z14) -> 15
E15: =survey_iso25010.csv!A12 -> R11 | F15: =survey_iso25010.csv!B12 -> 5 | G15: =survey_iso25010.csv!C12 -> 5 | H15: =survey_iso25010.csv!D12 -> 5 | I15: =survey_iso25010.csv!E12 -> 5 | J15: =survey_iso25010.csv!F12 -> 5 | K15: =SUM(F15:J15) -> 25 | M15: =survey_iso25010.csv!A12 -> R11 | N15: =survey_iso25010.csv!H12 -> 5 | O15: =survey_iso25010.csv!I12 -> 4 | P15: =survey_iso25010.csv!J12 -> 4 | Q15: =survey_iso25010.csv!K12 -> 5 | R15: =survey_iso25010.csv!L12 -> 5 | S15: =SUM(N15:R15) -> 23 | U15: =survey_iso25010.csv!A12 -> R11 | V15: =survey_iso25010.csv!N12 -> 5 | W15: =survey_iso25010.csv!O12 -> 5 | X15: =survey_iso25010.csv!P12 -> 5 | Y15: =survey_iso25010.csv!Q12 -> 4 | Z15: =survey_iso25010.csv!R12 -> 5 | AA15: =SUM(V15:Z15) -> 24
E16: =survey_iso25010.csv!A13 -> R12 | F16: =survey_iso25010.csv!B13 -> 4 | G16: =survey_iso25010.csv!C13 -> 4 | H16: =survey_iso25010.csv!D13 -> 4 | I16: =survey_iso25010.csv!E13 -> 4 | J16: =survey_iso25010.csv!F13 -> 4 | K16: =SUM(F16:J16) -> 20 | M16: =survey_iso25010.csv!A13 -> R12 | N16: =survey_iso25010.csv!H13 -> 4 | O16: =survey_iso25010.csv!I13 -> 4 | P16: =survey_iso25010.csv!J13 -> 4 | Q16: =survey_iso25010.csv!K13 -> 4 | R16: =survey_iso25010.csv!L13 -> 4 | S16: =SUM(N16:R16) -> 20 | U16: =survey_iso25010.csv!A13 -> R12 | V16: =survey_iso25010.csv!N13 -> 4 | W16: =survey_iso25010.csv!O13 -> 4 | X16: =survey_iso25010.csv!P13 -> 4 | Y16: =survey_iso25010.csv!Q13 -> 4 | Z16: =survey_iso25010.csv!R13 -> 4 | AA16: =SUM(V16:Z16) -> 20
E17: =survey_iso25010.csv!A14 -> R13 | F17: =survey_iso25010.csv!B14 -> 5 | G17: =survey_iso25010.csv!C14 -> 4 | H17: =survey_iso25010.csv!D14 -> 5 | I17: =survey_iso25010.csv!E14 -> 3 | J17: =survey_iso25010.csv!F14 -> 4 | K17: =SUM(F17:J17) -> 21 | M17: =survey_iso25010.csv!A14 -> R13 | N17: =survey_iso25010.csv!H14 -> 5 | O17: =survey_iso25010.csv!I14 -> 4 | P17: =survey_iso25010.csv!J14 -> 4 | Q17: =survey_iso25010.csv!K14 -> 3 | R17: =survey_iso25010.csv!L14 -> 4 | S17: =SUM(N17:R17) -> 20 | U17: =survey_iso25010.csv!A14 -> R13 | V17: =survey_iso25010.csv!N14 -> 5 | W17: =survey_iso25010.csv!O14 -> 3 | X17: =survey_iso25010.csv!P14 -> 4 | Y17: =survey_iso25010.csv!Q14 -> 5 | Z17: =survey_iso25010.csv!R14 -> 3 | AA17: =SUM(V17:Z17) -> 20
E18: =survey_iso25010.csv!A15 -> R14 | F18: =survey_iso25010.csv!B15 -> 3 | G18: =survey_iso25010.csv!C15 -> 4 | H18: =survey_iso25010.csv!D15 -> 4 | I18: =survey_iso25010.csv!E15 -> 3 | J18: =survey_iso25010.csv!F15 -> 4 | K18: =SUM(F18:J18) -> 18 | M18: =survey_iso25010.csv!A15 -> R14 | N18: =survey_iso25010.csv!H15 -> 4 | O18: =survey_iso25010.csv!I15 -> 5 | P18: =survey_iso25010.csv!J15 -> 5 | Q18: =survey_iso25010.csv!K15 -> 3 | R18: =survey_iso25010.csv!L15 -> 4 | S18: =SUM(N18:R18) -> 21 | U18: =survey_iso25010.csv!A15 -> R14 | V18: =survey_iso25010.csv!N15 -> 4 | W18: =survey_iso25010.csv!O15 -> 5 | X18: =survey_iso25010.csv!P15 -> 3 | Y18: =survey_iso25010.csv!Q15 -> 4 | Z18: =survey_iso25010.csv!R15 -> 4 | AA18: =SUM(V18:Z18) -> 20
E19: =survey_iso25010.csv!A16 -> R15 | F19: =survey_iso25010.csv!B16 -> 4 | G19: =survey_iso25010.csv!C16 -> 4 | H19: =survey_iso25010.csv!D16 -> 4 | I19: =survey_iso25010.csv!E16 -> 4 | J19: =survey_iso25010.csv!F16 -> 4 | K19: =SUM(F19:J19) -> 20 | M19: =survey_iso25010.csv!A16 -> R15 | N19: =survey_iso25010.csv!H16 -> 4 | O19: =survey_iso25010.csv!I16 -> 4 | P19: =survey_iso25010.csv!J16 -> 4 | Q19: =survey_iso25010.csv!K16 -> 4 | R19: =survey_iso25010.csv!L16 -> 4 | S19: =SUM(N19:R19) -> 20 | U19: =survey_iso25010.csv!A16 -> R15 | V19: =survey_iso25010.csv!N16 -> 3 | W19: =survey_iso25010.csv!O16 -> 3 | X19: =survey_iso25010.csv!P16 -> 5 | Y19: =survey_iso25010.csv!Q16 -> 5 | Z19: =survey_iso25010.csv!R16 -> 5 | AA19: =SUM(V19:Z19) -> 21
E20: =survey_iso25010.csv!A17 -> R16 | F20: =survey_iso25010.csv!B17 -> 4 | G20: =survey_iso25010.csv!C17 -> 4 | H20: =survey_iso25010.csv!D17 -> 4 | I20: =survey_iso25010.csv!E17 -> 3 | J20: =survey_iso25010.csv!F17 -> 3 | K20: =SUM(F20:J20) -> 18 | M20: =survey_iso25010.csv!A17 -> R16 | N20: =survey_iso25010.csv!H17 -> 4 | O20: =survey_iso25010.csv!I17 -> 4 | P20: =survey_iso25010.csv!J17 -> 5 | Q20: =survey_iso25010.csv!K17 -> 5 | R20: =survey_iso25010.csv!L17 -> 5 | S20: =SUM(N20:R20) -> 23 | U20: =survey_iso25010.csv!A17 -> R16 | V20: =survey_iso25010.csv!N17 -> 3 | W20: =survey_iso25010.csv!O17 -> 5 | X20: =survey_iso25010.csv!P17 -> 4 | Y20: =survey_iso25010.csv!Q17 -> 4 | Z20: =survey_iso25010.csv!R17 -> 5 | AA20: =SUM(V20:Z20) -> 21
... E54: =survey_iso25010.csv!A51 -> R50 | F54: =survey_iso25010.csv!B51 -> 4 | G54: =survey_iso25010.csv!C51 -> 4 | H54: =survey_iso25010.csv!D51 -> 4 | I54: =survey_iso25010.csv!E51 -> 4 | J54: =survey_iso25010.csv!F51 -> 3 | K54: =SUM(F54:J54) -> 19 | M54: =survey_iso25010.csv!A51 -> R50 | N54: =survey_iso25010.csv!H51 -> 4 | O54: =survey_iso25010.csv!I51 -> 4 | P54: =survey_iso25010.csv!J51 -> 4 | Q54: =survey_iso25010.csv!K51 -> 3 | R54: =survey_iso25010.csv!L51 -> 4 | S54: =SUM(N54:R54) -> 19 | U54: =survey_iso25010.csv!A51 -> R50 | V54: =survey_iso25010.csv!N51 -> 4 | W54: =survey_iso25010.csv!O51 -> 3 | X54: =survey_iso25010.csv!P51 -> 3 | Y54: =survey_iso25010.csv!Q51 -> 4 | Z54: =survey_iso25010.csv!R51 -> 4 | AA54: =SUM(V54:Z54) -> 18
E56: MEAN | K56: =SURVEY_ANALYSIS!D2 -> 3.928 | M56: MEAN | S56: =SURVEY_ANALYSIS!D3 -> 4.088 | U56: MEAN | AA56: =SURVEY_ANALYSIS!D4 -> 4.048
E57: STD | K57: =SURVEY_ANALYSIS!E2 -> 0.50103566 | M57: STD | S57: =SURVEY_ANALYSIS!E3 -> 0.54982001 | U57: STD | AA57: =SURVEY_ANALYSIS!E4 -> 0.49743834
E58: ALPHA | K58: =SURVEY_ANALYSIS!F2 -> 0.85246488 | M58: ALPHA | S58: =SURVEY_ANALYSIS!F3 -> 0.85939188 | U58: ALPHA | AA58: =SURVEY_ANALYSIS!F4 -> 0.71720771

Sheet Usability(SUS)
A1: System Usability Scale (SUS) | AA1: What this sheet is for
A2: SUS scored table (even-numbered items reverse-scored) | O2: Original raw SUS responses | AA2: SUS scoring table; even-numbered items are reverse-scored, final score is 0-100.
A3: Respondents | B3: Q1 | C3: Q2 | D3: Q3 | E3: Q4 | F3: Q5 | G3: Q6 | H3: Q7 | I3: Q8 | J3: Q9 | K3: Q10 | L3: SUS SCORE | M3: TOTAL | O3: Respondents | P3: Q1 | Q3: Q2 | R3: Q3 | S3: Q4 | T3: Q5 | U3: Q6 | V3: Q7 | W3: Q8 | X3: Q9 | Y3: Q10
A4: =sus_responses.csv!A2 -> R1 | B4: =sus_responses.csv!B2 -> 5 | C4: =6-sus_responses.csv!C2 -> 4 | D4: =sus_responses.csv!D2 -> 4 | E4: =6-sus_responses.csv!E2 -> 5 | F4: =sus_responses.csv!F2 -> 5 | G4: =6-sus_responses.csv!G2 -> 5 | H4: =sus_responses.csv!H2 -> 5 | I4: =6-sus_responses.csv!I2 -> 5 | J4: =sus_responses.csv!J2 -> 5 | K4: =6-sus_responses.csv!K2 -> 5 | L4: =(SUM(B4:K4)-10)*2.5 -> 95 | M4: =SUM(B4:K4) -> 48 | O4: =sus_responses.csv!A2 -> R1 | P4: =sus_responses.csv!B2 -> 5 | Q4: =sus_responses.csv!C2 -> 2 | R4: =sus_responses.csv!D2 -> 4 | S4: =sus_responses.csv!E2 -> 1 | T4: =sus_responses.csv!F2 -> 5 | U4: =sus_responses.csv!G2 -> 1 | V4: =sus_responses.csv!H2 -> 5 | ... Y4: =sus_responses.csv!K2 -> 1 | AA4: How to read it: SUS >= 70 meets the thesis usability target. Higher scores indicate better perceived usability.
A5: =sus_responses.csv!A3 -> R2 | B5: =sus_responses.csv!B3 -> 4 | C5: =6-sus_responses.csv!C3 -> 5 | D5: =sus_responses.csv!D3 -> 5 | E5: =6-sus_responses.csv!E3 -> 5 | F5: =sus_responses.csv!F3 -> 4 | G5: =6-sus_responses.csv!G3 -> 4 | H5: =sus_responses.csv!H3 -> 5 | I5: =6-sus_responses.csv!I3 -> 5 | J5: =sus_responses.csv!J3 -> 5 | K5: =6-sus_responses.csv!K3 -> 5 | L5: =(SUM(B5:K5)-10)*2.5 -> 92.5 | M5: =SUM(B5:K5) -> 47 | O5: =sus_responses.csv!A3 -> R2 | P5: =sus_responses.csv!B3 -> 4 | Q5: =sus_responses.csv!C3 -> 1 | R5: =sus_responses.csv!D3 -> 5 | S5: =sus_responses.csv!E3 -> 1 | T5: =sus_responses.csv!F3 -> 4 | U5: =sus_responses.csv!G3 -> 2 | V5: =sus_responses.csv!H3 -> 5 | ... Y5: =sus_responses.csv!K3 -> 1
A6: =sus_responses.csv!A4 -> R3 | B6: =sus_responses.csv!B4 -> 4 | C6: =6-sus_responses.csv!C4 -> 5 | D6: =sus_responses.csv!D4 -> 4 | E6: =6-sus_responses.csv!E4 -> 5 | F6: =sus_responses.csv!F4 -> 5 | G6: =6-sus_responses.csv!G4 -> 5 | H6: =sus_responses.csv!H4 -> 5 | I6: =6-sus_responses.csv!I4 -> 5 | J6: =sus_responses.csv!J4 -> 5 | K6: =6-sus_responses.csv!K4 -> 5 | L6: =(SUM(B6:K6)-10)*2.5 -> 95 | M6: =SUM(B6:K6) -> 48 | O6: =sus_responses.csv!A4 -> R3 | P6: =sus_responses.csv!B4 -> 4 | Q6: =sus_responses.csv!C4 -> 1 | R6: =sus_responses.csv!D4 -> 4 | S6: =sus_responses.csv!E4 -> 1 | T6: =sus_responses.csv!F4 -> 5 | U6: =sus_responses.csv!G4 -> 1 | V6: =sus_responses.csv!H4 -> 5 | ... Y6: =sus_responses.csv!K4 -> 1
A7: =sus_responses.csv!A5 -> R4 | B7: =sus_responses.csv!B5 -> 4 | C7: =6-sus_responses.csv!C5 -> 5 | D7: =sus_responses.csv!D5 -> 5 | E7: =6-sus_responses.csv!E5 -> 5 | F7: =sus_responses.csv!F5 -> 5 | G7: =6-sus_responses.csv!G5 -> 4 | H7: =sus_responses.csv!H5 -> 5 | I7: =6-sus_responses.csv!I5 -> 5 | J7: =sus_responses.csv!J5 -> 4 | K7: =6-sus_responses.csv!K5 -> 5 | L7: =(SUM(B7:K7)-10)*2.5 -> 92.5 | M7: =SUM(B7:K7) -> 47 | O7: =sus_responses.csv!A5 -> R4 | P7: =sus_responses.csv!B5 -> 4 | Q7: =sus_responses.csv!C5 -> 1 | R7: =sus_responses.csv!D5 -> 5 | S7: =sus_responses.csv!E5 -> 1 | T7: =sus_responses.csv!F5 -> 5 | U7: =sus_responses.csv!G5 -> 2 | V7: =sus_responses.csv!H5 -> 5 | ... Y7: =sus_responses.csv!K5 -> 1
A8: =sus_responses.csv!A6 -> R5 | B8: =sus_responses.csv!B6 -> 5 | C8: =6-sus_responses.csv!C6 -> 5 | D8: =sus_responses.csv!D6 -> 4 | E8: =6-sus_responses.csv!E6 -> 5 | F8: =sus_responses.csv!F6 -> 5 | G8: =6-sus_responses.csv!G6 -> 4 | H8: =sus_responses.csv!H6 -> 5 | I8: =6-sus_responses.csv!I6 -> 5 | J8: =sus_responses.csv!J6 -> 4 | K8: =6-sus_responses.csv!K6 -> 4 | L8: =(SUM(B8:K8)-10)*2.5 -> 90 | M8: =SUM(B8:K8) -> 46 | O8: =sus_responses.csv!A6 -> R5 | P8: =sus_responses.csv!B6 -> 5 | Q8: =sus_responses.csv!C6 -> 1 | R8: =sus_responses.csv!D6 -> 4 | S8: =sus_responses.csv!E6 -> 1 | T8: =sus_responses.csv!F6 -> 5 | U8: =sus_responses.csv!G6 -> 2 | V8: =sus_responses.csv!H6 -> 5 | ... Y8: =sus_responses.csv!K6 -> 2
A9: =sus_responses.csv!A7 -> R6 | B9: =sus_responses.csv!B7 -> 5 | C9: =6-sus_responses.csv!C7 -> 5 | D9: =sus_responses.csv!D7 -> 5 | E9: =6-sus_responses.csv!E7 -> 5 | F9: =sus_responses.csv!F7 -> 5 | G9: =6-sus_responses.csv!G7 -> 5 | H9: =sus_responses.csv!H7 -> 5 | I9: =6-sus_responses.csv!I7 -> 5 | J9: =sus_responses.csv!J7 -> 5 | K9: =6-sus_responses.csv!K7 -> 5 | L9: =(SUM(B9:K9)-10)*2.5 -> 100 | M9: =SUM(B9:K9) -> 50 | O9: =sus_responses.csv!A7 -> R6 | P9: =sus_responses.csv!B7 -> 5 | Q9: =sus_responses.csv!C7 -> 1 | R9: =sus_responses.csv!D7 -> 5 | S9: =sus_responses.csv!E7 -> 1 | T9: =sus_responses.csv!F7 -> 5 | U9: =sus_responses.csv!G7 -> 1 | V9: =sus_responses.csv!H7 -> 5 | ... Y9: =sus_responses.csv!K7 -> 1
A10: =sus_responses.csv!A8 -> R7 | B10: =sus_responses.csv!B8 -> 5 | C10: =6-sus_responses.csv!C8 -> 4 | D10: =sus_responses.csv!D8 -> 5 | E10: =6-sus_responses.csv!E8 -> 4 | F10: =sus_responses.csv!F8 -> 5 | G10: =6-sus_responses.csv!G8 -> 5 | H10: =sus_responses.csv!H8 -> 5 | I10: =6-sus_responses.csv!I8 -> 5 | J10: =sus_responses.csv!J8 -> 5 | K10: =6-sus_responses.csv!K8 -> 5 | L10: =(SUM(B10:K10)-10)*2.5 -> 95 | M10: =SUM(B10:K10) -> 48 | O10: =sus_responses.csv!A8 -> R7 | P10: =sus_responses.csv!B8 -> 5 | Q10: =sus_responses.csv!C8 -> 2 | R10: =sus_responses.csv!D8 -> 5 | S10: =sus_responses.csv!E8 -> 2 | T10: =sus_responses.csv!F8 -> 5 | U10: =sus_responses.csv!G8 -> 1 | V10: =sus_responses.csv!H8 -> 5 | ... Y10: =sus_responses.csv!K8 -> 1
A11: =sus_responses.csv!A9 -> R8 | B11: =sus_responses.csv!B9 -> 5 | C11: =6-sus_responses.csv!C9 -> 4 | D11: =sus_responses.csv!D9 -> 5 | E11: =6-sus_responses.csv!E9 -> 5 | F11: =sus_responses.csv!F9 -> 5 | G11: =6-sus_responses.csv!G9 -> 5 | H11: =sus_responses.csv!H9 -> 5 | I11: =6-sus_responses.csv!I9 -> 5 | J11: =sus_responses.csv!J9 -> 4 | K11: =6-sus_responses.csv!K9 -> 4 | L11: =(SUM(B11:K11)-10)*2.5 -> 92.5 | M11: =SUM(B11:K11) -> 47 | O11: =sus_responses.csv!A9 -> R8 | P11: =sus_responses.csv!B9 -> 5 | Q11: =sus_responses.csv!C9 -> 2 | R11: =sus_responses.csv!D9 -> 5 | S11: =sus_responses.csv!E9 -> 1 | T11: =sus_responses.csv!F9 -> 5 | U11: =sus_responses.csv!G9 -> 1 | V11: =sus_responses.csv!H9 -> 5 | ... Y11: =sus_responses.csv!K9 -> 2
A12: =sus_responses.csv!A10 -> R9 | B12: =sus_responses.csv!B10 -> 4 | C12: =6-sus_responses.csv!C10 -> 5 | D12: =sus_responses.csv!D10 -> 5 | E12: =6-sus_responses.csv!E10 -> 5 | F12: =sus_responses.csv!F10 -> 5 | G12: =6-sus_responses.csv!G10 -> 5 | H12: =sus_responses.csv!H10 -> 4 | I12: =6-sus_responses.csv!I10 -> 5 | J12: =sus_responses.csv!J10 -> 5 | K12: =6-sus_responses.csv!K10 -> 4 | L12: =(SUM(B12:K12)-10)*2.5 -> 92.5 | M12: =SUM(B12:K12) -> 47 | O12: =sus_responses.csv!A10 -> R9 | P12: =sus_responses.csv!B10 -> 4 | Q12: =sus_responses.csv!C10 -> 1 | R12: =sus_responses.csv!D10 -> 5 | S12: =sus_responses.csv!E10 -> 1 | T12: =sus_responses.csv!F10 -> 5 | U12: =sus_responses.csv!G10 -> 1 | V12: =sus_responses.csv!H10 -> 4 | ... Y12: =sus_responses.csv!K10 -> 2
A13: =sus_responses.csv!A11 -> R10 | B13: =sus_responses.csv!B11 -> 5 | C13: =6-sus_responses.csv!C11 -> 5 | D13: =sus_responses.csv!D11 -> 5 | E13: =6-sus_responses.csv!E11 -> 5 | F13: =sus_responses.csv!F11 -> 5 | G13: =6-sus_responses.csv!G11 -> 5 | H13: =sus_responses.csv!H11 -> 5 | I13: =6-sus_responses.csv!I11 -> 5 | J13: =sus_responses.csv!J11 -> 5 | K13: =6-sus_responses.csv!K11 -> 5 | L13: =(SUM(B13:K13)-10)*2.5 -> 100 | M13: =SUM(B13:K13) -> 50 | O13: =sus_responses.csv!A11 -> R10 | P13: =sus_responses.csv!B11 -> 5 | Q13: =sus_responses.csv!C11 -> 1 | R13: =sus_responses.csv!D11 -> 5 | S13: =sus_responses.csv!E11 -> 1 | T13: =sus_responses.csv!F11 -> 5 | U13: =sus_responses.csv!G11 -> 1 | V13: =sus_responses.csv!H11 -> 5 | ... Y13: =sus_responses.csv!K11 -> 1
A14: =sus_responses.csv!A12 -> R11 | B14: =sus_responses.csv!B12 -> 4 | C14: =6-sus_responses.csv!C12 -> 5 | D14: =sus_responses.csv!D12 -> 5 | E14: =6-sus_responses.csv!E12 -> 4 | F14: =sus_responses.csv!F12 -> 5 | G14: =6-sus_responses.csv!G12 -> 5 | H14: =sus_responses.csv!H12 -> 5 | I14: =6-sus_responses.csv!I12 -> 5 | J14: =sus_responses.csv!J12 -> 5 | K14: =6-sus_responses.csv!K12 -> 5 | L14: =(SUM(B14:K14)-10)*2.5 -> 95 | M14: =SUM(B14:K14) -> 48 | O14: =sus_responses.csv!A12 -> R11 | P14: =sus_responses.csv!B12 -> 4 | Q14: =sus_responses.csv!C12 -> 1 | R14: =sus_responses.csv!D12 -> 5 | S14: =sus_responses.csv!E12 -> 2 | T14: =sus_responses.csv!F12 -> 5 | U14: =sus_responses.csv!G12 -> 1 | V14: =sus_responses.csv!H12 -> 5 | ... Y14: =sus_responses.csv!K12 -> 1
A15: =sus_responses.csv!A13 -> R12 | B15: =sus_responses.csv!B13 -> 4 | C15: =6-sus_responses.csv!C13 -> 5 | D15: =sus_responses.csv!D13 -> 4 | E15: =6-sus_responses.csv!E13 -> 5 | F15: =sus_responses.csv!F13 -> 5 | G15: =6-sus_responses.csv!G13 -> 5 | H15: =sus_responses.csv!H13 -> 5 | I15: =6-sus_responses.csv!I13 -> 5 | J15: =sus_responses.csv!J13 -> 5 | K15: =6-sus_responses.csv!K13 -> 5 | L15: =(SUM(B15:K15)-10)*2.5 -> 95 | M15: =SUM(B15:K15) -> 48 | O15: =sus_responses.csv!A13 -> R12 | P15: =sus_responses.csv!B13 -> 4 | Q15: =sus_responses.csv!C13 -> 1 | R15: =sus_responses.csv!D13 -> 4 | S15: =sus_responses.csv!E13 -> 1 | T15: =sus_responses.csv!F13 -> 5 | U15: =sus_responses.csv!G13 -> 1 | V15: =sus_responses.csv!H13 -> 5 | ... Y15: =sus_responses.csv!K13 -> 1
A16: =sus_responses.csv!A14 -> R13 | B16: =sus_responses.csv!B14 -> 5 | C16: =6-sus_responses.csv!C14 -> 5 | D16: =sus_responses.csv!D14 -> 5 | E16: =6-sus_responses.csv!E14 -> 5 | F16: =sus_responses.csv!F14 -> 5 | G16: =6-sus_responses.csv!G14 -> 5 | H16: =sus_responses.csv!H14 -> 5 | I16: =6-sus_responses.csv!I14 -> 5 | J16: =sus_responses.csv!J14 -> 5 | K16: =6-sus_responses.csv!K14 -> 5 | L16: =(SUM(B16:K16)-10)*2.5 -> 100 | M16: =SUM(B16:K16) -> 50 | O16: =sus_responses.csv!A14 -> R13 | P16: =sus_responses.csv!B14 -> 5 | Q16: =sus_responses.csv!C14 -> 1 | R16: =sus_responses.csv!D14 -> 5 | S16: =sus_responses.csv!E14 -> 1 | T16: =sus_responses.csv!F14 -> 5 | U16: =sus_responses.csv!G14 -> 1 | V16: =sus_responses.csv!H14 -> 5 | ... Y16: =sus_responses.csv!K14 -> 1
... A53: =sus_responses.csv!A51 -> R50 | B53: =sus_responses.csv!B51 -> 4 | C53: =6-sus_responses.csv!C51 -> 3 | D53: =sus_responses.csv!D51 -> 3 | E53: =6-sus_responses.csv!E51 -> 3 | F53: =sus_responses.csv!F51 -> 3 | G53: =6-sus_responses.csv!G51 -> 4 | H53: =sus_responses.csv!H51 -> 3 | I53: =6-sus_responses.csv!I51 -> 3 | J53: =sus_responses.csv!J51 -> 3 | K53: =6-sus_responses.csv!K51 -> 3 | L53: =(SUM(B53:K53)-10)*2.5 -> 55 | M53: =SUM(B53:K53) -> 32 | O53: =sus_responses.csv!A51 -> R50 | P53: =sus_responses.csv!B51 -> 4 | Q53: =sus_responses.csv!C51 -> 3 | R53: =sus_responses.csv!D51 -> 3 | S53: =sus_responses.csv!E51 -> 3 | T53: =sus_responses.csv!F51 -> 3 | U53: =sus_responses.csv!G51 -> 2 | V53: =sus_responses.csv!H51 -> 3 | ... Y53: =sus_responses.csv!K51 -> 3
A55: MEAN | L55: =SURVEY_ANALYSIS!D5 -> 80.95
A56: STD | L56: =SURVEY_ANALYSIS!E5 -> 14.828011
A57: ALPHA | L57: =SURVEY_ANALYSIS!F5 -> 0.95670883

Sheet TAM(PUPEOU)
A1: Technology Acceptance Model (TAM) | S1: What this sheet is for
A2: I. Perceived Usefulness (PU) | J2: II. Perceived Ease of Use (PEOU) | S2: Participant acceptance ratings: Perceived Usefulness and Perceived Ease of Use.
A3: Respondents | B3: Q1 | C3: Q2 | D3: Q3 | E3: Q4 | F3: Q5 | G3: Q6 | H3: TOTAL | J3: Respondents | K3: Q1 | L3: Q2 | M3: Q3 | N3: Q4 | O3: Q5 | P3: Q6 | Q3: TOTAL
A4: =tam_responses.csv!A2 -> R1 | B4: =tam_responses.csv!B2 -> 5 | C4: =tam_responses.csv!C2 -> 5 | D4: =tam_responses.csv!D2 -> 4 | E4: =tam_responses.csv!E2 -> 4 | F4: =tam_responses.csv!F2 -> 3 | G4: =tam_responses.csv!G2 -> 4 | H4: =SUM(B4:G4) -> 25 | J4: =tam_responses.csv!A2 -> R1 | K4: =tam_responses.csv!I2 -> 4 | L4: =tam_responses.csv!J2 -> 5 | M4: =tam_responses.csv!K2 -> 5 | N4: =tam_responses.csv!L2 -> 5 | O4: =tam_responses.csv!M2 -> 5 | P4: =tam_responses.csv!N2 -> 5 | Q4: =SUM(K4:P4) -> 29 | S4: How to read it: PU and PEOU means >= 3.50 meet the thesis favorable target.
A5: =tam_responses.csv!A3 -> R2 | B5: =tam_responses.csv!B3 -> 4 | C5: =tam_responses.csv!C3 -> 4 | D5: =tam_responses.csv!D3 -> 4 | E5: =tam_responses.csv!E3 -> 4 | F5: =tam_responses.csv!F3 -> 4 | G5: =tam_responses.csv!G3 -> 3 | H5: =SUM(B5:G5) -> 23 | J5: =tam_responses.csv!A3 -> R2 | K5: =tam_responses.csv!I3 -> 4 | L5: =tam_responses.csv!J3 -> 4 | M5: =tam_responses.csv!K3 -> 4 | N5: =tam_responses.csv!L3 -> 3 | O5: =tam_responses.csv!M3 -> 4 | P5: =tam_responses.csv!N3 -> 3 | Q5: =SUM(K5:P5) -> 22
A6: =tam_responses.csv!A4 -> R3 | B6: =tam_responses.csv!B4 -> 4 | C6: =tam_responses.csv!C4 -> 4 | D6: =tam_responses.csv!D4 -> 3 | E6: =tam_responses.csv!E4 -> 4 | F6: =tam_responses.csv!F4 -> 4 | G6: =tam_responses.csv!G4 -> 3 | H6: =SUM(B6:G6) -> 22 | J6: =tam_responses.csv!A4 -> R3 | K6: =tam_responses.csv!I4 -> 4 | L6: =tam_responses.csv!J4 -> 4 | M6: =tam_responses.csv!K4 -> 4 | N6: =tam_responses.csv!L4 -> 3 | O6: =tam_responses.csv!M4 -> 3 | P6: =tam_responses.csv!N4 -> 5 | Q6: =SUM(K6:P6) -> 23
A7: =tam_responses.csv!A5 -> R4 | B7: =tam_responses.csv!B5 -> 4 | C7: =tam_responses.csv!C5 -> 4 | D7: =tam_responses.csv!D5 -> 4 | E7: =tam_responses.csv!E5 -> 5 | F7: =tam_responses.csv!F5 -> 5 | G7: =tam_responses.csv!G5 -> 5 | H7: =SUM(B7:G7) -> 27 | J7: =tam_responses.csv!A5 -> R4 | K7: =tam_responses.csv!I5 -> 4 | L7: =tam_responses.csv!J5 -> 4 | M7: =tam_responses.csv!K5 -> 5 | N7: =tam_responses.csv!L5 -> 5 | O7: =tam_responses.csv!M5 -> 5 | P7: =tam_responses.csv!N5 -> 3 | Q7: =SUM(K7:P7) -> 26
A8: =tam_responses.csv!A6 -> R5 | B8: =tam_responses.csv!B6 -> 4 | C8: =tam_responses.csv!C6 -> 4 | D8: =tam_responses.csv!D6 -> 4 | E8: =tam_responses.csv!E6 -> 4 | F8: =tam_responses.csv!F6 -> 3 | G8: =tam_responses.csv!G6 -> 3 | H8: =SUM(B8:G8) -> 22 | J8: =tam_responses.csv!A6 -> R5 | K8: =tam_responses.csv!I6 -> 4 | L8: =tam_responses.csv!J6 -> 5 | M8: =tam_responses.csv!K6 -> 5 | N8: =tam_responses.csv!L6 -> 4 | O8: =tam_responses.csv!M6 -> 3 | P8: =tam_responses.csv!N6 -> 5 | Q8: =SUM(K8:P8) -> 26
A9: =tam_responses.csv!A7 -> R6 | B9: =tam_responses.csv!B7 -> 4 | C9: =tam_responses.csv!C7 -> 4 | D9: =tam_responses.csv!D7 -> 4 | E9: =tam_responses.csv!E7 -> 4 | F9: =tam_responses.csv!F7 -> 4 | G9: =tam_responses.csv!G7 -> 4 | H9: =SUM(B9:G9) -> 24 | J9: =tam_responses.csv!A7 -> R6 | K9: =tam_responses.csv!I7 -> 3 | L9: =tam_responses.csv!J7 -> 3 | M9: =tam_responses.csv!K7 -> 3 | N9: =tam_responses.csv!L7 -> 4 | O9: =tam_responses.csv!M7 -> 4 | P9: =tam_responses.csv!N7 -> 4 | Q9: =SUM(K9:P9) -> 21
A10: =tam_responses.csv!A8 -> R7 | B10: =tam_responses.csv!B8 -> 4 | C10: =tam_responses.csv!C8 -> 4 | D10: =tam_responses.csv!D8 -> 4 | E10: =tam_responses.csv!E8 -> 4 | F10: =tam_responses.csv!F8 -> 4 | G10: =tam_responses.csv!G8 -> 4 | H10: =SUM(B10:G10) -> 24 | J10: =tam_responses.csv!A8 -> R7 | K10: =tam_responses.csv!I8 -> 4 | L10: =tam_responses.csv!J8 -> 4 | M10: =tam_responses.csv!K8 -> 4 | N10: =tam_responses.csv!L8 -> 4 | O10: =tam_responses.csv!M8 -> 4 | P10: =tam_responses.csv!N8 -> 4 | Q10: =SUM(K10:P10) -> 24
A11: =tam_responses.csv!A9 -> R8 | B11: =tam_responses.csv!B9 -> 4 | C11: =tam_responses.csv!C9 -> 4 | D11: =tam_responses.csv!D9 -> 4 | E11: =tam_responses.csv!E9 -> 4 | F11: =tam_responses.csv!F9 -> 4 | G11: =tam_responses.csv!G9 -> 4 | H11: =SUM(B11:G11) -> 24 | J11: =tam_responses.csv!A9 -> R8 | K11: =tam_responses.csv!I9 -> 4 | L11: =tam_responses.csv!J9 -> 4 | M11: =tam_responses.csv!K9 -> 4 | N11: =tam_responses.csv!L9 -> 4 | O11: =tam_responses.csv!M9 -> 4 | P11: =tam_responses.csv!N9 -> 4 | Q11: =SUM(K11:P11) -> 24
A12: =tam_responses.csv!A10 -> R9 | B12: =tam_responses.csv!B10 -> 4 | C12: =tam_responses.csv!C10 -> 4 | D12: =tam_responses.csv!D10 -> 5 | E12: =tam_responses.csv!E10 -> 5 | F12: =tam_responses.csv!F10 -> 5 | G12: =tam_responses.csv!G10 -> 5 | H12: =SUM(B12:G12) -> 28 | J12: =tam_responses.csv!A10 -> R9 | K12: =tam_responses.csv!I10 -> 5 | L12: =tam_responses.csv!J10 -> 5 | M12: =tam_responses.csv!K10 -> 5 | N12: =tam_responses.csv!L10 -> 5 | O12: =tam_responses.csv!M10 -> 5 | P12: =tam_responses.csv!N10 -> 5 | Q12: =SUM(K12:P12) -> 30
A13: =tam_responses.csv!A11 -> R10 | B13: =tam_responses.csv!B11 -> 5 | C13: =tam_responses.csv!C11 -> 5 | D13: =tam_responses.csv!D11 -> 5 | E13: =tam_responses.csv!E11 -> 5 | F13: =tam_responses.csv!F11 -> 4 | G13: =tam_responses.csv!G11 -> 3 | H13: =SUM(B13:G13) -> 27 | J13: =tam_responses.csv!A11 -> R10 | K13: =tam_responses.csv!I11 -> 3 | L13: =tam_responses.csv!J11 -> 3 | M13: =tam_responses.csv!K11 -> 3 | N13: =tam_responses.csv!L11 -> 3 | O13: =tam_responses.csv!M11 -> 3 | P13: =tam_responses.csv!N11 -> 3 | Q13: =SUM(K13:P13) -> 18
A14: =tam_responses.csv!A12 -> R11 | B14: =tam_responses.csv!B12 -> 5 | C14: =tam_responses.csv!C12 -> 5 | D14: =tam_responses.csv!D12 -> 5 | E14: =tam_responses.csv!E12 -> 5 | F14: =tam_responses.csv!F12 -> 5 | G14: =tam_responses.csv!G12 -> 5 | H14: =SUM(B14:G14) -> 30 | J14: =tam_responses.csv!A12 -> R11 | K14: =tam_responses.csv!I12 -> 5 | L14: =tam_responses.csv!J12 -> 5 | M14: =tam_responses.csv!K12 -> 5 | N14: =tam_responses.csv!L12 -> 4 | O14: =tam_responses.csv!M12 -> 5 | P14: =tam_responses.csv!N12 -> 5 | Q14: =SUM(K14:P14) -> 29
A15: =tam_responses.csv!A13 -> R12 | B15: =tam_responses.csv!B13 -> 4 | C15: =tam_responses.csv!C13 -> 4 | D15: =tam_responses.csv!D13 -> 5 | E15: =tam_responses.csv!E13 -> 5 | F15: =tam_responses.csv!F13 -> 5 | G15: =tam_responses.csv!G13 -> 4 | H15: =SUM(B15:G15) -> 27 | J15: =tam_responses.csv!A13 -> R12 | K15: =tam_responses.csv!I13 -> 5 | L15: =tam_responses.csv!J13 -> 5 | M15: =tam_responses.csv!K13 -> 5 | N15: =tam_responses.csv!L13 -> 3 | O15: =tam_responses.csv!M13 -> 3 | P15: =tam_responses.csv!N13 -> 4 | Q15: =SUM(K15:P15) -> 25
A16: =tam_responses.csv!A14 -> R13 | B16: =tam_responses.csv!B14 -> 4 | C16: =tam_responses.csv!C14 -> 4 | D16: =tam_responses.csv!D14 -> 4 | E16: =tam_responses.csv!E14 -> 4 | F16: =tam_responses.csv!F14 -> 4 | G16: =tam_responses.csv!G14 -> 4 | H16: =SUM(B16:G16) -> 24 | J16: =tam_responses.csv!A14 -> R13 | K16: =tam_responses.csv!I14 -> 4 | L16: =tam_responses.csv!J14 -> 4 | M16: =tam_responses.csv!K14 -> 4 | N16: =tam_responses.csv!L14 -> 4 | O16: =tam_responses.csv!M14 -> 4 | P16: =tam_responses.csv!N14 -> 4 | Q16: =SUM(K16:P16) -> 24
... A53: =tam_responses.csv!A51 -> R50 | B53: =tam_responses.csv!B51 -> 4 | C53: =tam_responses.csv!C51 -> 4 | D53: =tam_responses.csv!D51 -> 4 | E53: =tam_responses.csv!E51 -> 3 | F53: =tam_responses.csv!F51 -> 3 | G53: =tam_responses.csv!G51 -> 4 | H53: =SUM(B53:G53) -> 22 | J53: =tam_responses.csv!A51 -> R50 | K53: =tam_responses.csv!I51 -> 4 | L53: =tam_responses.csv!J51 -> 4 | M53: =tam_responses.csv!K51 -> 4 | N53: =tam_responses.csv!L51 -> 3 | O53: =tam_responses.csv!M51 -> 3 | P53: =tam_responses.csv!N51 -> 4 | Q53: =SUM(K53:P53) -> 22
A55: MEAN | H55: =SURVEY_ANALYSIS!D6 -> 4.1166667 | J55: MEAN | Q55: =SURVEY_ANALYSIS!D7 -> 4.09
A56: STD | H56: =SURVEY_ANALYSIS!E6 -> 0.40159828 | J56: STD | Q56: =SURVEY_ANALYSIS!E7 -> 0.53474516
A57: ALPHA | H57: =SURVEY_ANALYSIS!F6 -> 0.74977856 | J57: ALPHA | Q57: =SURVEY_ANALYSIS!F7 -> 0.85538242

Sheet WEEK_METRICS
A1: study_code | B1: group | C1: study_week | D1: active_days | E1: session_count | F1: reliable_sessions | G1: mean_sessions_day | H1: mean_daily_duration_min | I1: mean_dwell_sec | J1: mean_nsd_percent | K1: dsi | L1: doomscrolling_score | M1: dsi_status | O1: What this sheet is for
A2: R1 | B2: =INDEX(WEEK_DAILY!$B$2:$B$701,MATCH(A2,WEEK_DAILY!$A$2:$A$701,0)) -> INTERVENTION | C2: 1 | D2: =COUNTIFS(WEEK_DAILY!$A$2:$A$701,A2,WEEK_DAILY!$C$2:$C$701,C2,WEEK_DAILY!$E$2:$E$701,">0") -> 7 | E2: =SUMIFS(WEEK_DAILY!$E$2:$E$701,WEEK_DAILY!$A$2:$A$701,A2,WEEK_DAILY!$C$2:$C$701,C2) -> 29 | F2: =SUMIFS(WEEK_DAILY!$F$2:$F$701,WEEK_DAILY!$A$2:$A$701,A2,WEEK_DAILY!$C$2:$C$701,C2) -> 28 | G2: =E2/7 -> 4.1428571 | H2: =SUMIFS(WEEK_DAILY!$G$2:$G$701,WEEK_DAILY!$A$2:$A$701,A2,WEEK_DAILY!$C$2:$C$701,C2)/7 -> 53.354655 | I2: =IFERROR(AVERAGEIFS(WEEK_DAILY!$H$2:$H$701,WEEK_DAILY!$A$2:$A$701,A2,WEEK_DAILY!$C$2:$C$701,C2,WEEK_DAILY!$H$2:$H$701,"<>"),"") -> 6.9538286 | J2: =IFERROR(AVERAGEIFS(WEEK_DAILY!$I$2:$I$701,WEEK_DAILY!$A$2:$A$701,A2,WEEK_DAILY!$C$2:$C$701,C2,WEEK_DAILY!$I$2:$I$701,"<>"),"") -> 30.96581 | K2: =IF(F2>=3,AVERAGEIFS(sessions.csv!$L$2:$L$10135,sessions.csv!$A$2:$A$10135,A2,sessions.csv!$D$2:$D$10135,C2,sessions.csv!$N$2:$N$10135,"RELIABLE"),"") -> 46.616429 | L2: =SUMIFS(doomscrolling_scale.csv!$E$2:$E$101,doomscrolling_scale.csv!$A$2:$A$101,A2,doomscrolling_scale.csv!$C$2:$C$101,C2)+SUMIFS(doomscrolling_scale.csv!$F$2:$F$101,doomscrolling_scale.csv!$A$2:$A$101,A2,doomscrolling_scale.csv!$C$2:$C$101,C2)+SUMIFS(doomscrolling_scale.csv!$G$2:$G$101,doomscrolling_scale.csv!$A$2:$A$101,A2,doomscrolling_scale.csv!$C$2:$C$101,C2)+SUMIFS(doomscrolling_scale.csv!$H$2:$H$101,doomscrolling_scale.csv!$A$2:$A$101,A2,doomscrolling_scale.csv!$C$2:$C$101,C2) -> 11 | M2: =IF(F2>=3,"DSI eligible","DSI excluded") -> DSI eligible | O2: Participant-week summaries derived from app logs and Doomscrolling Scale.
A3: R1 | B3: =INDEX(WEEK_DAILY!$B$2:$B$701,MATCH(A3,WEEK_DAILY!$A$2:$A$701,0)) -> INTERVENTION | C3: 2 | D3: =COUNTIFS(WEEK_DAILY!$A$2:$A$701,A3,WEEK_DAILY!$C$2:$C$701,C3,WEEK_DAILY!$E$2:$E$701,">0") -> 7 | E3: =SUMIFS(WEEK_DAILY!$E$2:$E$701,WEEK_DAILY!$A$2:$A$701,A3,WEEK_DAILY!$C$2:$C$701,C3) -> 15 | F3: =SUMIFS(WEEK_DAILY!$F$2:$F$701,WEEK_DAILY!$A$2:$A$701,A3,WEEK_DAILY!$C$2:$C$701,C3) -> 14 | G3: =E3/7 -> 2.1428571 | H3: =SUMIFS(WEEK_DAILY!$G$2:$G$701,WEEK_DAILY!$A$2:$A$701,A3,WEEK_DAILY!$C$2:$C$701,C3)/7 -> 22.053907 | I3: =IFERROR(AVERAGEIFS(WEEK_DAILY!$H$2:$H$701,WEEK_DAILY!$A$2:$A$701,A3,WEEK_DAILY!$C$2:$C$701,C3,WEEK_DAILY!$H$2:$H$701,"<>"),"") -> 6.7418452 | J3: =IFERROR(AVERAGEIFS(WEEK_DAILY!$I$2:$I$701,WEEK_DAILY!$A$2:$A$701,A3,WEEK_DAILY!$C$2:$C$701,C3,WEEK_DAILY!$I$2:$I$701,"<>"),"") -> 26.104286 | K3: =IF(F3>=3,AVERAGEIFS(sessions.csv!$L$2:$L$10135,sessions.csv!$A$2:$A$10135,A3,sessions.csv!$D$2:$D$10135,C3,sessions.csv!$N$2:$N$10135,"RELIABLE"),"") -> 42.997143 | L3: =SUMIFS(doomscrolling_scale.csv!$E$2:$E$101,doomscrolling_scale.csv!$A$2:$A$101,A3,doomscrolling_scale.csv!$C$2:$C$101,C3)+SUMIFS(doomscrolling_scale.csv!$F$2:$F$101,doomscrolling_scale.csv!$A$2:$A$101,A3,doomscrolling_scale.csv!$C$2:$C$101,C3)+SUMIFS(doomscrolling_scale.csv!$G$2:$G$101,doomscrolling_scale.csv!$A$2:$A$101,A3,doomscrolling_scale.csv!$C$2:$C$101,C3)+SUMIFS(doomscrolling_scale.csv!$H$2:$H$101,doomscrolling_scale.csv!$A$2:$A$101,A3,doomscrolling_scale.csv!$C$2:$C$101,C3) -> 9 | M3: =IF(F3>=3,"DSI eligible","DSI excluded") -> DSI eligible
A4: R2 | B4: =INDEX(WEEK_DAILY!$B$2:$B$701,MATCH(A4,WEEK_DAILY!$A$2:$A$701,0)) -> CONTROL | C4: 1 | D4: =COUNTIFS(WEEK_DAILY!$A$2:$A$701,A4,WEEK_DAILY!$C$2:$C$701,C4,WEEK_DAILY!$E$2:$E$701,">0") -> 7 | E4: =SUMIFS(WEEK_DAILY!$E$2:$E$701,WEEK_DAILY!$A$2:$A$701,A4,WEEK_DAILY!$C$2:$C$701,C4) -> 36 | F4: =SUMIFS(WEEK_DAILY!$F$2:$F$701,WEEK_DAILY!$A$2:$A$701,A4,WEEK_DAILY!$C$2:$C$701,C4) -> 29 | G4: =E4/7 -> 5.1428571 | H4: =SUMIFS(WEEK_DAILY!$G$2:$G$701,WEEK_DAILY!$A$2:$A$701,A4,WEEK_DAILY!$C$2:$C$701,C4)/7 -> 71.896802 | I4: =IFERROR(AVERAGEIFS(WEEK_DAILY!$H$2:$H$701,WEEK_DAILY!$A$2:$A$701,A4,WEEK_DAILY!$C$2:$C$701,C4,WEEK_DAILY!$H$2:$H$701,"<>"),"") -> 7.1941616 | J4: =IFERROR(AVERAGEIFS(WEEK_DAILY!$I$2:$I$701,WEEK_DAILY!$A$2:$A$701,A4,WEEK_DAILY!$C$2:$C$701,C4,WEEK_DAILY!$I$2:$I$701,"<>"),"") -> 31.045857 | K4: =IF(F4>=3,AVERAGEIFS(sessions.csv!$L$2:$L$10135,sessions.csv!$A$2:$A$10135,A4,sessions.csv!$D$2:$D$10135,C4,sessions.csv!$N$2:$N$10135,"RELIABLE"),"") -> 47.462069 | L4: =SUMIFS(doomscrolling_scale.csv!$E$2:$E$101,doomscrolling_scale.csv!$A$2:$A$101,A4,doomscrolling_scale.csv!$C$2:$C$101,C4)+SUMIFS(doomscrolling_scale.csv!$F$2:$F$101,doomscrolling_scale.csv!$A$2:$A$101,A4,doomscrolling_scale.csv!$C$2:$C$101,C4)+SUMIFS(doomscrolling_scale.csv!$G$2:$G$101,doomscrolling_scale.csv!$A$2:$A$101,A4,doomscrolling_scale.csv!$C$2:$C$101,C4)+SUMIFS(doomscrolling_scale.csv!$H$2:$H$101,doomscrolling_scale.csv!$A$2:$A$101,A4,doomscrolling_scale.csv!$C$2:$C$101,C4) -> 12 | M4: =IF(F4>=3,"DSI eligible","DSI excluded") -> DSI eligible | O4: How to read it: Each participant has Week 1 and Week 2 rows. These feed CHANGE_SCORES.
A5: R2 | B5: =INDEX(WEEK_DAILY!$B$2:$B$701,MATCH(A5,WEEK_DAILY!$A$2:$A$701,0)) -> CONTROL | C5: 2 | D5: =COUNTIFS(WEEK_DAILY!$A$2:$A$701,A5,WEEK_DAILY!$C$2:$C$701,C5,WEEK_DAILY!$E$2:$E$701,">0") -> 7 | E5: =SUMIFS(WEEK_DAILY!$E$2:$E$701,WEEK_DAILY!$A$2:$A$701,A5,WEEK_DAILY!$C$2:$C$701,C5) -> 36 | F5: =SUMIFS(WEEK_DAILY!$F$2:$F$701,WEEK_DAILY!$A$2:$A$701,A5,WEEK_DAILY!$C$2:$C$701,C5) -> 32 | G5: =E5/7 -> 5.1428571 | H5: =SUMIFS(WEEK_DAILY!$G$2:$G$701,WEEK_DAILY!$A$2:$A$701,A5,WEEK_DAILY!$C$2:$C$701,C5)/7 -> 72.378524 | I5: =IFERROR(AVERAGEIFS(WEEK_DAILY!$H$2:$H$701,WEEK_DAILY!$A$2:$A$701,A5,WEEK_DAILY!$C$2:$C$701,C5,WEEK_DAILY!$H$2:$H$701,"<>"),"") -> 7.2967762 | J5: =IFERROR(AVERAGEIFS(WEEK_DAILY!$I$2:$I$701,WEEK_DAILY!$A$2:$A$701,A5,WEEK_DAILY!$C$2:$C$701,C5,WEEK_DAILY!$I$2:$I$701,"<>"),"") -> 31.431337 | K5: =IF(F5>=3,AVERAGEIFS(sessions.csv!$L$2:$L$10135,sessions.csv!$A$2:$A$10135,A5,sessions.csv!$D$2:$D$10135,C5,sessions.csv!$N$2:$N$10135,"RELIABLE"),"") -> 47.930625 | L5: =SUMIFS(doomscrolling_scale.csv!$E$2:$E$101,doomscrolling_scale.csv!$A$2:$A$101,A5,doomscrolling_scale.csv!$C$2:$C$101,C5)+SUMIFS(doomscrolling_scale.csv!$F$2:$F$101,doomscrolling_scale.csv!$A$2:$A$101,A5,doomscrolling_scale.csv!$C$2:$C$101,C5)+SUMIFS(doomscrolling_scale.csv!$G$2:$G$101,doomscrolling_scale.csv!$A$2:$A$101,A5,doomscrolling_scale.csv!$C$2:$C$101,C5)+SUMIFS(doomscrolling_scale.csv!$H$2:$H$101,doomscrolling_scale.csv!$A$2:$A$101,A5,doomscrolling_scale.csv!$C$2:$C$101,C5) -> 12 | M5: =IF(F5>=3,"DSI eligible","DSI excluded") -> DSI eligible
A6: R3 | B6: =INDEX(WEEK_DAILY!$B$2:$B$701,MATCH(A6,WEEK_DAILY!$A$2:$A$701,0)) -> INTERVENTION | C6: 1 | D6: =COUNTIFS(WEEK_DAILY!$A$2:$A$701,A6,WEEK_DAILY!$C$2:$C$701,C6,WEEK_DAILY!$E$2:$E$701,">0") -> 7 | E6: =SUMIFS(WEEK_DAILY!$E$2:$E$701,WEEK_DAILY!$A$2:$A$701,A6,WEEK_DAILY!$C$2:$C$701,C6) -> 43 | F6: =SUMIFS(WEEK_DAILY!$F$2:$F$701,WEEK_DAILY!$A$2:$A$701,A6,WEEK_DAILY!$C$2:$C$701,C6) -> 37 | G6: =E6/7 -> 6.1428571 | H6: =SUMIFS(WEEK_DAILY!$G$2:$G$701,WEEK_DAILY!$A$2:$A$701,A6,WEEK_DAILY!$C$2:$C$701,C6)/7 -> 83.861907 | I6: =IFERROR(AVERAGEIFS(WEEK_DAILY!$H$2:$H$701,WEEK_DAILY!$A$2:$A$701,A6,WEEK_DAILY!$C$2:$C$701,C6,WEEK_DAILY!$H$2:$H$701,"<>"),"") -> 7.4696675 | J6: =IFERROR(AVERAGEIFS(WEEK_DAILY!$I$2:$I$701,WEEK_DAILY!$A$2:$A$701,A6,WEEK_DAILY!$C$2:$C$701,C6,WEEK_DAILY!$I$2:$I$701,"<>"),"") -> 32.699071 | K6: =IF(F6>=3,AVERAGEIFS(sessions.csv!$L$2:$L$10135,sessions.csv!$A$2:$A$10135,A6,sessions.csv!$D$2:$D$10135,C6,sessions.csv!$N$2:$N$10135,"RELIABLE"),"") -> 48.686216 | L6: =SUMIFS(doomscrolling_scale.csv!$E$2:$E$101,doomscrolling_scale.csv!$A$2:$A$101,A6,doomscrolling_scale.csv!$C$2:$C$101,C6)+SUMIFS(doomscrolling_scale.csv!$F$2:$F$101,doomscrolling_scale.csv!$A$2:$A$101,A6,doomscrolling_scale.csv!$C$2:$C$101,C6)+SUMIFS(doomscrolling_scale.csv!$G$2:$G$101,doomscrolling_scale.csv!$A$2:$A$101,A6,doomscrolling_scale.csv!$C$2:$C$101,C6)+SUMIFS(doomscrolling_scale.csv!$H$2:$H$101,doomscrolling_scale.csv!$A$2:$A$101,A6,doomscrolling_scale.csv!$C$2:$C$101,C6) -> 13 | M6: =IF(F6>=3,"DSI eligible","DSI excluded") -> DSI eligible
A7: R3 | B7: =INDEX(WEEK_DAILY!$B$2:$B$701,MATCH(A7,WEEK_DAILY!$A$2:$A$701,0)) -> INTERVENTION | C7: 2 | D7: =COUNTIFS(WEEK_DAILY!$A$2:$A$701,A7,WEEK_DAILY!$C$2:$C$701,C7,WEEK_DAILY!$E$2:$E$701,">0") -> 7 | E7: =SUMIFS(WEEK_DAILY!$E$2:$E$701,WEEK_DAILY!$A$2:$A$701,A7,WEEK_DAILY!$C$2:$C$701,C7) -> 29 | F7: =SUMIFS(WEEK_DAILY!$F$2:$F$701,WEEK_DAILY!$A$2:$A$701,A7,WEEK_DAILY!$C$2:$C$701,C7) -> 28 | G7: =E7/7 -> 4.1428571 | H7: =SUMIFS(WEEK_DAILY!$G$2:$G$701,WEEK_DAILY!$A$2:$A$701,A7,WEEK_DAILY!$C$2:$C$701,C7)/7 -> 45.558448 | I7: =IFERROR(AVERAGEIFS(WEEK_DAILY!$H$2:$H$701,WEEK_DAILY!$A$2:$A$701,A7,WEEK_DAILY!$C$2:$C$701,C7,WEEK_DAILY!$H$2:$H$701,"<>"),"") -> 6.814331 | J7: =IFERROR(AVERAGEIFS(WEEK_DAILY!$I$2:$I$701,WEEK_DAILY!$A$2:$A$701,A7,WEEK_DAILY!$C$2:$C$701,C7,WEEK_DAILY!$I$2:$I$701,"<>"),"") -> 27.493833 | K7: =IF(F7>=3,AVERAGEIFS(sessions.csv!$L$2:$L$10135,sessions.csv!$A$2:$A$10135,A7,sessions.csv!$D$2:$D$10135,C7,sessions.csv!$N$2:$N$10135,"RELIABLE"),"") -> 43.712857 | L7: =SUMIFS(doomscrolling_scale.csv!$E$2:$E$101,doomscrolling_scale.csv!$A$2:$A$101,A7,doomscrolling_scale.csv!$C$2:$C$101,C7)+SUMIFS(doomscrolling_scale.csv!$F$2:$F$101,doomscrolling_scale.csv!$A$2:$A$101,A7,doomscrolling_scale.csv!$C$2:$C$101,C7)+SUMIFS(doomscrolling_scale.csv!$G$2:$G$101,doomscrolling_scale.csv!$A$2:$A$101,A7,doomscrolling_scale.csv!$C$2:$C$101,C7)+SUMIFS(doomscrolling_scale.csv!$H$2:$H$101,doomscrolling_scale.csv!$A$2:$A$101,A7,doomscrolling_scale.csv!$C$2:$C$101,C7) -> 11 | M7: =IF(F7>=3,"DSI eligible","DSI excluded") -> DSI eligible
A8: R4 | B8: =INDEX(WEEK_DAILY!$B$2:$B$701,MATCH(A8,WEEK_DAILY!$A$2:$A$701,0)) -> CONTROL | C8: 1 | D8: =COUNTIFS(WEEK_DAILY!$A$2:$A$701,A8,WEEK_DAILY!$C$2:$C$701,C8,WEEK_DAILY!$E$2:$E$701,">0") -> 7 | E8: =SUMIFS(WEEK_DAILY!$E$2:$E$701,WEEK_DAILY!$A$2:$A$701,A8,WEEK_DAILY!$C$2:$C$701,C8) -> 50 | F8: =SUMIFS(WEEK_DAILY!$F$2:$F$701,WEEK_DAILY!$A$2:$A$701,A8,WEEK_DAILY!$C$2:$C$701,C8) -> 45 | G8: =E8/7 -> 7.1428571 | H8: =SUMIFS(WEEK_DAILY!$G$2:$G$701,WEEK_DAILY!$A$2:$A$701,A8,WEEK_DAILY!$C$2:$C$701,C8)/7 -> 97.320948 | I8: =IFERROR(AVERAGEIFS(WEEK_DAILY!$H$2:$H$701,WEEK_DAILY!$A$2:$A$701,A8,WEEK_DAILY!$C$2:$C$701,C8,WEEK_DAILY!$H$2:$H$701,"<>"),"") -> 7.038964 | J8: =IFERROR(AVERAGEIFS(WEEK_DAILY!$I$2:$I$701,WEEK_DAILY!$A$2:$A$701,A8,WEEK_DAILY!$C$2:$C$701,C8,WEEK_DAILY!$I$2:$I$701,"<>"),"") -> 31.117105 | K8: =IF(F8>=3,AVERAGEIFS(sessions.csv!$L$2:$L$10135,sessions.csv!$A$2:$A$10135,A8,sessions.csv!$D$2:$D$10135,C8,sessions.csv!$N$2:$N$10135,"RELIABLE"),"") -> 47.385778 | L8: =SUMIFS(doomscrolling_scale.csv!$E$2:$E$101,doomscrolling_scale.csv!$A$2:$A$101,A8,doomscrolling_scale.csv!$C$2:$C$101,C8)+SUMIFS(doomscrolling_scale.csv!$F$2:$F$101,doomscrolling_scale.csv!$A$2:$A$101,A8,doomscrolling_scale.csv!$C$2:$C$101,C8)+SUMIFS(doomscrolling_scale.csv!$G$2:$G$101,doomscrolling_scale.csv!$A$2:$A$101,A8,doomscrolling_scale.csv!$C$2:$C$101,C8)+SUMIFS(doomscrolling_scale.csv!$H$2:$H$101,doomscrolling_scale.csv!$A$2:$A$101,A8,doomscrolling_scale.csv!$C$2:$C$101,C8) -> 14 | M8: =IF(F8>=3,"DSI eligible","DSI excluded") -> DSI eligible
A9: R4 | B9: =INDEX(WEEK_DAILY!$B$2:$B$701,MATCH(A9,WEEK_DAILY!$A$2:$A$701,0)) -> CONTROL | C9: 2 | D9: =COUNTIFS(WEEK_DAILY!$A$2:$A$701,A9,WEEK_DAILY!$C$2:$C$701,C9,WEEK_DAILY!$E$2:$E$701,">0") -> 7 | E9: =SUMIFS(WEEK_DAILY!$E$2:$E$701,WEEK_DAILY!$A$2:$A$701,A9,WEEK_DAILY!$C$2:$C$701,C9) -> 50 | F9: =SUMIFS(WEEK_DAILY!$F$2:$F$701,WEEK_DAILY!$A$2:$A$701,A9,WEEK_DAILY!$C$2:$C$701,C9) -> 44 | G9: =E9/7 -> 7.1428571 | H9: =SUMIFS(WEEK_DAILY!$G$2:$G$701,WEEK_DAILY!$A$2:$A$701,A9,WEEK_DAILY!$C$2:$C$701,C9)/7 -> 97.649745 | I9: =IFERROR(AVERAGEIFS(WEEK_DAILY!$H$2:$H$701,WEEK_DAILY!$A$2:$A$701,A9,WEEK_DAILY!$C$2:$C$701,C9,WEEK_DAILY!$H$2:$H$701,"<>"),"") -> 7.2571037 | J9: =IFERROR(AVERAGEIFS(WEEK_DAILY!$I$2:$I$701,WEEK_DAILY!$A$2:$A$701,A9,WEEK_DAILY!$C$2:$C$701,C9,WEEK_DAILY!$I$2:$I$701,"<>"),"") -> 31.341412 | K9: =IF(F9>=3,AVERAGEIFS(sessions.csv!$L$2:$L$10135,sessions.csv!$A$2:$A$10135,A9,sessions.csv!$D$2:$D$10135,C9,sessions.csv!$N$2:$N$10135,"RELIABLE"),"") -> 47.569545 | L9: =SUMIFS(doomscrolling_scale.csv!$E$2:$E$101,doomscrolling_scale.csv!$A$2:$A$101,A9,doomscrolling_scale.csv!$C$2:$C$101,C9)+SUMIFS(doomscrolling_scale.csv!$F$2:$F$101,doomscrolling_scale.csv!$A$2:$A$101,A9,doomscrolling_scale.csv!$C$2:$C$101,C9)+SUMIFS(doomscrolling_scale.csv!$G$2:$G$101,doomscrolling_scale.csv!$A$2:$A$101,A9,doomscrolling_scale.csv!$C$2:$C$101,C9)+SUMIFS(doomscrolling_scale.csv!$H$2:$H$101,doomscrolling_scale.csv!$A$2:$A$101,A9,doomscrolling_scale.csv!$C$2:$C$101,C9) -> 14 | M9: =IF(F9>=3,"DSI eligible","DSI excluded") -> DSI eligible
A10: R5 | B10: =INDEX(WEEK_DAILY!$B$2:$B$701,MATCH(A10,WEEK_DAILY!$A$2:$A$701,0)) -> INTERVENTION | C10: 1 | D10: =COUNTIFS(WEEK_DAILY!$A$2:$A$701,A10,WEEK_DAILY!$C$2:$C$701,C10,WEEK_DAILY!$E$2:$E$701,">0") -> 3 | E10: =SUMIFS(WEEK_DAILY!$E$2:$E$701,WEEK_DAILY!$A$2:$A$701,A10,WEEK_DAILY!$C$2:$C$701,C10) -> 4 | F10: =SUMIFS(WEEK_DAILY!$F$2:$F$701,WEEK_DAILY!$A$2:$A$701,A10,WEEK_DAILY!$C$2:$C$701,C10) -> 0 | G10: =E10/7 -> 0.57142857 | H10: =SUMIFS(WEEK_DAILY!$G$2:$G$701,WEEK_DAILY!$A$2:$A$701,A10,WEEK_DAILY!$C$2:$C$701,C10)/7 -> 8.5370071 | I10: =IFERROR(AVERAGEIFS(WEEK_DAILY!$H$2:$H$701,WEEK_DAILY!$A$2:$A$701,A10,WEEK_DAILY!$C$2:$C$701,C10,WEEK_DAILY!$H$2:$H$701,"<>"),"") -> 6.8453333 | J10: =IFERROR(AVERAGEIFS(WEEK_DAILY!$I$2:$I$701,WEEK_DAILY!$A$2:$A$701,A10,WEEK_DAILY!$C$2:$C$701,C10,WEEK_DAILY!$I$2:$I$701,"<>"),"") | K10: =IF(F10>=3,AVERAGEIFS(sessions.csv!$L$2:$L$10135,sessions.csv!$A$2:$A$10135,A10,sessions.csv!$D$2:$D$10135,C10,sessions.csv!$N$2:$N$10135,"RELIABLE"),"") | L10: =SUMIFS(doomscrolling_scale.csv!$E$2:$E$101,doomscrolling_scale.csv!$A$2:$A$101,A10,doomscrolling_scale.csv!$C$2:$C$101,C10)+SUMIFS(doomscrolling_scale.csv!$F$2:$F$101,doomscrolling_scale.csv!$A$2:$A$101,A10,doomscrolling_scale.csv!$C$2:$C$101,C10)+SUMIFS(doomscrolling_scale.csv!$G$2:$G$101,doomscrolling_scale.csv!$A$2:$A$101,A10,doomscrolling_scale.csv!$C$2:$C$101,C10)+SUMIFS(doomscrolling_scale.csv!$H$2:$H$101,doomscrolling_scale.csv!$A$2:$A$101,A10,doomscrolling_scale.csv!$C$2:$C$101,C10) -> 10 | M10: =IF(F10>=3,"DSI eligible","DSI excluded") -> DSI excluded
A11: R5 | B11: =INDEX(WEEK_DAILY!$B$2:$B$701,MATCH(A11,WEEK_DAILY!$A$2:$A$701,0)) -> INTERVENTION | C11: 2 | D11: =COUNTIFS(WEEK_DAILY!$A$2:$A$701,A11,WEEK_DAILY!$C$2:$C$701,C11,WEEK_DAILY!$E$2:$E$701,">0") -> 7 | E11: =SUMIFS(WEEK_DAILY!$E$2:$E$701,WEEK_DAILY!$A$2:$A$701,A11,WEEK_DAILY!$C$2:$C$701,C11) -> 15 | F11: =SUMIFS(WEEK_DAILY!$F$2:$F$701,WEEK_DAILY!$A$2:$A$701,A11,WEEK_DAILY!$C$2:$C$701,C11) -> 13 | G11: =E11/7 -> 2.1428571 | H11: =SUMIFS(WEEK_DAILY!$G$2:$G$701,WEEK_DAILY!$A$2:$A$701,A11,WEEK_DAILY!$C$2:$C$701,C11)/7 -> 25.110255 | I11: =IFERROR(AVERAGEIFS(WEEK_DAILY!$H$2:$H$701,WEEK_DAILY!$A$2:$A$701,A11,WEEK_DAILY!$C$2:$C$701,C11,WEEK_DAILY!$H$2:$H$701,"<>"),"") -> 6.7107857 | J11: =IFERROR(AVERAGEIFS(WEEK_DAILY!$I$2:$I$701,WEEK_DAILY!$A$2:$A$701,A11,WEEK_DAILY!$C$2:$C$701,C11,WEEK_DAILY!$I$2:$I$701,"<>"),"") -> 29.789167 | K11: =IF(F11>=3,AVERAGEIFS(sessions.csv!$L$2:$L$10135,sessions.csv!$A$2:$A$10135,A11,sessions.csv!$D$2:$D$10135,C11,sessions.csv!$N$2:$N$10135,"RELIABLE"),"") -> 44.442308 | L11: =SUMIFS(doomscrolling_scale.csv!$E$2:$E$101,doomscrolling_scale.csv!$A$2:$A$101,A11,doomscrolling_scale.csv!$C$2:$C$101,C11)+SUMIFS(doomscrolling_scale.csv!$F$2:$F$101,doomscrolling_scale.csv!$A$2:$A$101,A11,doomscrolling_scale.csv!$C$2:$C$101,C11)+SUMIFS(doomscrolling_scale.csv!$G$2:$G$101,doomscrolling_scale.csv!$A$2:$A$101,A11,doomscrolling_scale.csv!$C$2:$C$101,C11)+SUMIFS(doomscrolling_scale.csv!$H$2:$H$101,doomscrolling_scale.csv!$A$2:$A$101,A11,doomscrolling_scale.csv!$C$2:$C$101,C11) -> 9 | M11: =IF(F11>=3,"DSI eligible","DSI excluded") -> DSI eligible
A12: R6 | B12: =INDEX(WEEK_DAILY!$B$2:$B$701,MATCH(A12,WEEK_DAILY!$A$2:$A$701,0)) -> CONTROL | C12: 1 | D12: =COUNTIFS(WEEK_DAILY!$A$2:$A$701,A12,WEEK_DAILY!$C$2:$C$701,C12,WEEK_DAILY!$E$2:$E$701,">0") -> 7 | E12: =SUMIFS(WEEK_DAILY!$E$2:$E$701,WEEK_DAILY!$A$2:$A$701,A12,WEEK_DAILY!$C$2:$C$701,C12) -> 29 | F12: =SUMIFS(WEEK_DAILY!$F$2:$F$701,WEEK_DAILY!$A$2:$A$701,A12,WEEK_DAILY!$C$2:$C$701,C12) -> 27 | G12: =E12/7 -> 4.1428571 | H12: =SUMIFS(WEEK_DAILY!$G$2:$G$701,WEEK_DAILY!$A$2:$A$701,A12,WEEK_DAILY!$C$2:$C$701,C12)/7 -> 54.065055 | I12: =IFERROR(AVERAGEIFS(WEEK_DAILY!$H$2:$H$701,WEEK_DAILY!$A$2:$A$701,A12,WEEK_DAILY!$C$2:$C$701,C12,WEEK_DAILY!$H$2:$H$701,"<>"),"") -> 7.4008881 | J12: =IFERROR(AVERAGEIFS(WEEK_DAILY!$I$2:$I$701,WEEK_DAILY!$A$2:$A$701,A12,WEEK_DAILY!$C$2:$C$701,C12,WEEK_DAILY!$I$2:$I$701,"<>"),"") -> 28.674452 | K12: =IF(F12>=3,AVERAGEIFS(sessions.csv!$L$2:$L$10135,sessions.csv!$A$2:$A$10135,A12,sessions.csv!$D$2:$D$10135,C12,sessions.csv!$N$2:$N$10135,"RELIABLE"),"") -> 46.292593 | L12: =SUMIFS(doomscrolling_scale.csv!$E$2:$E$101,doomscrolling_scale.csv!$A$2:$A$101,A12,doomscrolling_scale.csv!$C$2:$C$101,C12)+SUMIFS(doomscrolling_scale.csv!$F$2:$F$101,doomscrolling_scale.csv!$A$2:$A$101,A12,doomscrolling_scale.csv!$C$2:$C$101,C12)+SUMIFS(doomscrolling_scale.csv!$G$2:$G$101,doomscrolling_scale.csv!$A$2:$A$101,A12,doomscrolling_scale.csv!$C$2:$C$101,C12)+SUMIFS(doomscrolling_scale.csv!$H$2:$H$101,doomscrolling_scale.csv!$A$2:$A$101,A12,doomscrolling_scale.csv!$C$2:$C$101,C12) -> 11 | M12: =IF(F12>=3,"DSI eligible","DSI excluded") -> DSI eligible
A13: R6 | B13: =INDEX(WEEK_DAILY!$B$2:$B$701,MATCH(A13,WEEK_DAILY!$A$2:$A$701,0)) -> CONTROL | C13: 2 | D13: =COUNTIFS(WEEK_DAILY!$A$2:$A$701,A13,WEEK_DAILY!$C$2:$C$701,C13,WEEK_DAILY!$E$2:$E$701,">0") -> 7 | E13: =SUMIFS(WEEK_DAILY!$E$2:$E$701,WEEK_DAILY!$A$2:$A$701,A13,WEEK_DAILY!$C$2:$C$701,C13) -> 29 | F13: =SUMIFS(WEEK_DAILY!$F$2:$F$701,WEEK_DAILY!$A$2:$A$701,A13,WEEK_DAILY!$C$2:$C$701,C13) -> 26 | G13: =E13/7 -> 4.1428571 | H13: =SUMIFS(WEEK_DAILY!$G$2:$G$701,WEEK_DAILY!$A$2:$A$701,A13,WEEK_DAILY!$C$2:$C$701,C13)/7 -> 55.118405 | I13: =IFERROR(AVERAGEIFS(WEEK_DAILY!$H$2:$H$701,WEEK_DAILY!$A$2:$A$701,A13,WEEK_DAILY!$C$2:$C$701,C13,WEEK_DAILY!$H$2:$H$701,"<>"),"") -> 7.198831 | J13: =IFERROR(AVERAGEIFS(WEEK_DAILY!$I$2:$I$701,WEEK_DAILY!$A$2:$A$701,A13,WEEK_DAILY!$C$2:$C$701,C13,WEEK_DAILY!$I$2:$I$701,"<>"),"") -> 30.405714 | K13: =IF(F13>=3,AVERAGEIFS(sessions.csv!$L$2:$L$10135,sessions.csv!$A$2:$A$10135,A13,sessions.csv!$D$2:$D$10135,C13,sessions.csv!$N$2:$N$10135,"RELIABLE"),"") -> 47.007308 | L13: =SUMIFS(doomscrolling_scale.csv!$E$2:$E$101,doomscrolling_scale.csv!$A$2:$A$101,A13,doomscrolling_scale.csv!$C$2:$C$101,C13)+SUMIFS(doomscrolling_scale.csv!$F$2:$F$101,doomscrolling_scale.csv!$A$2:$A$101,A13,doomscrolling_scale.csv!$C$2:$C$101,C13)+SUMIFS(doomscrolling_scale.csv!$G$2:$G$101,doomscrolling_scale.csv!$A$2:$A$101,A13,doomscrolling_scale.csv!$C$2:$C$101,C13)+SUMIFS(doomscrolling_scale.csv!$H$2:$H$101,doomscrolling_scale.csv!$A$2:$A$101,A13,doomscrolling_scale.csv!$C$2:$C$101,C13) -> 11 | M13: =IF(F13>=3,"DSI eligible","DSI excluded") -> DSI eligible
A14: R7 | B14: =INDEX(WEEK_DAILY!$B$2:$B$701,MATCH(A14,WEEK_DAILY!$A$2:$A$701,0)) -> INTERVENTION | C14: 1 | D14: =COUNTIFS(WEEK_DAILY!$A$2:$A$701,A14,WEEK_DAILY!$C$2:$C$701,C14,WEEK_DAILY!$E$2:$E$701,">0") -> 7 | E14: =SUMIFS(WEEK_DAILY!$E$2:$E$701,WEEK_DAILY!$A$2:$A$701,A14,WEEK_DAILY!$C$2:$C$701,C14) -> 36 | F14: =SUMIFS(WEEK_DAILY!$F$2:$F$701,WEEK_DAILY!$A$2:$A$701,A14,WEEK_DAILY!$C$2:$C$701,C14) -> 31 | G14: =E14/7 -> 5.1428571 | H14: =SUMIFS(WEEK_DAILY!$G$2:$G$701,WEEK_DAILY!$A$2:$A$701,A14,WEEK_DAILY!$C$2:$C$701,C14)/7 -> 71.948452 | I14: =IFERROR(AVERAGEIFS(WEEK_DAILY!$H$2:$H$701,WEEK_DAILY!$A$2:$A$701,A14,WEEK_DAILY!$C$2:$C$701,C14,WEEK_DAILY!$H$2:$H$701,"<>"),"") -> 7.0515731 | J14: =IFERROR(AVERAGEIFS(WEEK_DAILY!$I$2:$I$701,WEEK_DAILY!$A$2:$A$701,A14,WEEK_DAILY!$C$2:$C$701,C14,WEEK_DAILY!$I$2:$I$701,"<>"),"") -> 29.8075 | K14: =IF(F14>=3,AVERAGEIFS(sessions.csv!$L$2:$L$10135,sessions.csv!$A$2:$A$10135,A14,sessions.csv!$D$2:$D$10135,C14,sessions.csv!$N$2:$N$10135,"RELIABLE"),"") -> 47.120968 | L14: =SUMIFS(doomscrolling_scale.csv!$E$2:$E$101,doomscrolling_scale.csv!$A$2:$A$101,A14,doomscrolling_scale.csv!$C$2:$C$101,C14)+SUMIFS(doomscrolling_scale.csv!$F$2:$F$101,doomscrolling_scale.csv!$A$2:$A$101,A14,doomscrolling_scale.csv!$C$2:$C$101,C14)+SUMIFS(doomscrolling_scale.csv!$G$2:$G$101,doomscrolling_scale.csv!$A$2:$A$101,A14,doomscrolling_scale.csv!$C$2:$C$101,C14)+SUMIFS(doomscrolling_scale.csv!$H$2:$H$101,doomscrolling_scale.csv!$A$2:$A$101,A14,doomscrolling_scale.csv!$C$2:$C$101,C14) -> 12 | M14: =IF(F14>=3,"DSI eligible","DSI excluded") -> DSI eligible
A15: R7 | B15: =INDEX(WEEK_DAILY!$B$2:$B$701,MATCH(A15,WEEK_DAILY!$A$2:$A$701,0)) -> INTERVENTION | C15: 2 | D15: =COUNTIFS(WEEK_DAILY!$A$2:$A$701,A15,WEEK_DAILY!$C$2:$C$701,C15,WEEK_DAILY!$E$2:$E$701,">0") -> 7 | E15: =SUMIFS(WEEK_DAILY!$E$2:$E$701,WEEK_DAILY!$A$2:$A$701,A15,WEEK_DAILY!$C$2:$C$701,C15) -> 36 | F15: =SUMIFS(WEEK_DAILY!$F$2:$F$701,WEEK_DAILY!$A$2:$A$701,A15,WEEK_DAILY!$C$2:$C$701,C15) -> 31 | G15: =E15/7 -> 5.1428571 | H15: =SUMIFS(WEEK_DAILY!$G$2:$G$701,WEEK_DAILY!$A$2:$A$701,A15,WEEK_DAILY!$C$2:$C$701,C15)/7 -> 66.361648 | I15: =IFERROR(AVERAGEIFS(WEEK_DAILY!$H$2:$H$701,WEEK_DAILY!$A$2:$A$701,A15,WEEK_DAILY!$C$2:$C$701,C15,WEEK_DAILY!$H$2:$H$701,"<>"),"") -> 7.298701 | J15: =IFERROR(AVERAGEIFS(WEEK_DAILY!$I$2:$I$701,WEEK_DAILY!$A$2:$A$701,A15,WEEK_DAILY!$C$2:$C$701,C15,WEEK_DAILY!$I$2:$I$701,"<>"),"") -> 30.177095 | K15: =IF(F15>=3,AVERAGEIFS(sessions.csv!$L$2:$L$10135,sessions.csv!$A$2:$A$10135,A15,sessions.csv!$D$2:$D$10135,C15,sessions.csv!$N$2:$N$10135,"RELIABLE"),"") -> 46.844839 | L15: =SUMIFS(doomscrolling_scale.csv!$E$2:$E$101,doomscrolling_scale.csv!$A$2:$A$101,A15,doomscrolling_scale.csv!$C$2:$C$101,C15)+SUMIFS(doomscrolling_scale.csv!$F$2:$F$101,doomscrolling_scale.csv!$A$2:$A$101,A15,doomscrolling_scale.csv!$C$2:$C$101,C15)+SUMIFS(doomscrolling_scale.csv!$G$2:$G$101,doomscrolling_scale.csv!$A$2:$A$101,A15,doomscrolling_scale.csv!$C$2:$C$101,C15)+SUMIFS(doomscrolling_scale.csv!$H$2:$H$101,doomscrolling_scale.csv!$A$2:$A$101,A15,doomscrolling_scale.csv!$C$2:$C$101,C15) -> 12 | M15: =IF(F15>=3,"DSI eligible","DSI excluded") -> DSI eligible
A16: R8 | B16: =INDEX(WEEK_DAILY!$B$2:$B$701,MATCH(A16,WEEK_DAILY!$A$2:$A$701,0)) -> CONTROL | C16: 1 | D16: =COUNTIFS(WEEK_DAILY!$A$2:$A$701,A16,WEEK_DAILY!$C$2:$C$701,C16,WEEK_DAILY!$E$2:$E$701,">0") -> 7 | E16: =SUMIFS(WEEK_DAILY!$E$2:$E$701,WEEK_DAILY!$A$2:$A$701,A16,WEEK_DAILY!$C$2:$C$701,C16) -> 43 | F16: =SUMIFS(WEEK_DAILY!$F$2:$F$701,WEEK_DAILY!$A$2:$A$701,A16,WEEK_DAILY!$C$2:$C$701,C16) -> 39 | G16: =E16/7 -> 6.1428571 | H16: =SUMIFS(WEEK_DAILY!$G$2:$G$701,WEEK_DAILY!$A$2:$A$701,A16,WEEK_DAILY!$C$2:$C$701,C16)/7 -> 83.373007 | I16: =IFERROR(AVERAGEIFS(WEEK_DAILY!$H$2:$H$701,WEEK_DAILY!$A$2:$A$701,A16,WEEK_DAILY!$C$2:$C$701,C16,WEEK_DAILY!$H$2:$H$701,"<>"),"") -> 6.8700379 | J16: =IFERROR(AVERAGEIFS(WEEK_DAILY!$I$2:$I$701,WEEK_DAILY!$A$2:$A$701,A16,WEEK_DAILY!$C$2:$C$701,C16,WEEK_DAILY!$I$2:$I$701,"<>"),"") -> 31.057083 | K16: =IF(F16>=3,AVERAGEIFS(sessions.csv!$L$2:$L$10135,sessions.csv!$A$2:$A$10135,A16,sessions.csv!$D$2:$D$10135,C16,sessions.csv!$N$2:$N$10135,"RELIABLE"),"") -> 47.061282 | L16: =SUMIFS(doomscrolling_scale.csv!$E$2:$E$101,doomscrolling_scale.csv!$A$2:$A$101,A16,doomscrolling_scale.csv!$C$2:$C$101,C16)+SUMIFS(doomscrolling_scale.csv!$F$2:$F$101,doomscrolling_scale.csv!$A$2:$A$101,A16,doomscrolling_scale.csv!$C$2:$C$101,C16)+SUMIFS(doomscrolling_scale.csv!$G$2:$G$101,doomscrolling_scale.csv!$A$2:$A$101,A16,doomscrolling_scale.csv!$C$2:$C$101,C16)+SUMIFS(doomscrolling_scale.csv!$H$2:$H$101,doomscrolling_scale.csv!$A$2:$A$101,A16,doomscrolling_scale.csv!$C$2:$C$101,C16) -> 13 | M16: =IF(F16>=3,"DSI eligible","DSI excluded") -> DSI eligible
... A101: R50 | B101: =INDEX(WEEK_DAILY!$B$2:$B$701,MATCH(A101,WEEK_DAILY!$A$2:$A$701,0)) -> CONTROL | C101: 2 | D101: =COUNTIFS(WEEK_DAILY!$A$2:$A$701,A101,WEEK_DAILY!$C$2:$C$701,C101,WEEK_DAILY!$E$2:$E$701,">0") -> 7 | E101: =SUMIFS(WEEK_DAILY!$E$2:$E$701,WEEK_DAILY!$A$2:$A$701,A101,WEEK_DAILY!$C$2:$C$701,C101) -> 146 | F101: =SUMIFS(WEEK_DAILY!$F$2:$F$701,WEEK_DAILY!$A$2:$A$701,A101,WEEK_DAILY!$C$2:$C$701,C101) -> 129 | G101: =E101/7 -> 20.857143 | H101: =SUMIFS(WEEK_DAILY!$G$2:$G$701,WEEK_DAILY!$A$2:$A$701,A101,WEEK_DAILY!$C$2:$C$701,C101)/7 -> 683.65869 | I101: =IFERROR(AVERAGEIFS(WEEK_DAILY!$H$2:$H$701,WEEK_DAILY!$A$2:$A$701,A101,WEEK_DAILY!$C$2:$C$701,C101,WEEK_DAILY!$H$2:$H$701,"<>"),"") -> 10.427826 | J101: =IFERROR(AVERAGEIFS(WEEK_DAILY!$I$2:$I$701,WEEK_DAILY!$A$2:$A$701,A101,WEEK_DAILY!$C$2:$C$701,C101,WEEK_DAILY!$I$2:$I$701,"<>"),"") -> 48.490287 | K101: =IF(F101>=3,AVERAGEIFS(sessions.csv!$L$2:$L$10135,sessions.csv!$A$2:$A$10135,A101,sessions.csv!$D$2:$D$10135,C101,sessions.csv!$N$2:$N$10135,"RELIABLE"),"") -> 70.895349 | L101: =SUMIFS(doomscrolling_scale.csv!$E$2:$E$101,doomscrolling_scale.csv!$A$2:$A$101,A101,doomscrolling_scale.csv!$C$2:$C$101,C101)+SUMIFS(doomscrolling_scale.csv!$F$2:$F$101,doomscrolling_scale.csv!$A$2:$A$101,A101,doomscrolling_scale.csv!$C$2:$C$101,C101)+SUMIFS(doomscrolling_scale.csv!$G$2:$G$101,doomscrolling_scale.csv!$A$2:$A$101,A101,doomscrolling_scale.csv!$C$2:$C$101,C101)+SUMIFS(doomscrolling_scale.csv!$H$2:$H$101,doomscrolling_scale.csv!$A$2:$A$101,A101,doomscrolling_scale.csv!$C$2:$C$101,C101) -> 15 | M101: =IF(F101>=3,"DSI eligible","DSI excluded") -> DSI eligible

Sheet CHANGE_SCORES
A1: study_code | B1: group | C1: w1_sessions_day | D1: w2_sessions_day | E1: sessions_day_change | F1: w1_duration_min | G1: w2_duration_min | H1: duration_change | I1: w1_dwell_sec | J1: w2_dwell_sec | K1: dwell_change | L1: w1_nsd_percent | M1: w2_nsd_percent | N1: nsd_change | O1: w1_dsi | P1: w2_dsi | Q1: dsi_change | R1: w1_doomscrolling | S1: w2_doomscrolling | T1: doomscrolling_change | U1: w1_reliable_sessions | V1: rq3_eligible | X1: What this sheet is for
A2: R1 | B2: =WEEK_METRICS!B2 -> INTERVENTION | C2: =WEEK_METRICS!G2 -> 4.1428571 | D2: =WEEK_METRICS!G3 -> 2.1428571 | E2: =IF(OR(C2="",D2=""),"",D2-C2) -> -2 | F2: =WEEK_METRICS!H2 -> 53.354655 | G2: =WEEK_METRICS!H3 -> 22.053907 | H2: =IF(OR(F2="",G2=""),"",G2-F2) -> -31.300748 | I2: =WEEK_METRICS!I2 -> 6.9538286 | J2: =WEEK_METRICS!I3 -> 6.7418452 | K2: =IF(OR(I2="",J2=""),"",J2-I2) -> -0.21198333 | L2: =WEEK_METRICS!J2 -> 30.96581 | M2: =WEEK_METRICS!J3 -> 26.104286 | N2: =IF(OR(L2="",M2=""),"",M2-L2) -> -4.8615238 | O2: =WEEK_METRICS!K2 -> 46.616429 | P2: =WEEK_METRICS!K3 -> 42.997143 | Q2: =IF(OR(O2="",P2=""),"",P2-O2) -> -3.6192857 | R2: =WEEK_METRICS!L2 -> 11 | S2: =WEEK_METRICS!L3 -> 9 | T2: =IF(OR(R2="",S2=""),"",S2-R2) -> -2 | U2: =WEEK_METRICS!F2 -> 28 | V2: =IF(U2>=3,"YES","NO") -> YES | X2: Week 2 minus Week 1 values used for RQ2.
A3: R2 | B3: =WEEK_METRICS!B4 -> CONTROL | C3: =WEEK_METRICS!G4 -> 5.1428571 | D3: =WEEK_METRICS!G5 -> 5.1428571 | E3: =IF(OR(C3="",D3=""),"",D3-C3) -> 0 | F3: =WEEK_METRICS!H4 -> 71.896802 | G3: =WEEK_METRICS!H5 -> 72.378524 | H3: =IF(OR(F3="",G3=""),"",G3-F3) -> 0.48172143 | I3: =WEEK_METRICS!I4 -> 7.1941616 | J3: =WEEK_METRICS!I5 -> 7.2967762 | K3: =IF(OR(I3="",J3=""),"",J3-I3) -> 0.10261463 | L3: =WEEK_METRICS!J4 -> 31.045857 | M3: =WEEK_METRICS!J5 -> 31.431337 | N3: =IF(OR(L3="",M3=""),"",M3-L3) -> 0.38547959 | O3: =WEEK_METRICS!K4 -> 47.462069 | P3: =WEEK_METRICS!K5 -> 47.930625 | Q3: =IF(OR(O3="",P3=""),"",P3-O3) -> 0.46855603 | R3: =WEEK_METRICS!L4 -> 12 | S3: =WEEK_METRICS!L5 -> 12 | T3: =IF(OR(R3="",S3=""),"",S3-R3) -> 0 | U3: =WEEK_METRICS!F4 -> 29 | V3: =IF(U3>=3,"YES","NO") -> YES
A4: R3 | B4: =WEEK_METRICS!B6 -> INTERVENTION | C4: =WEEK_METRICS!G6 -> 6.1428571 | D4: =WEEK_METRICS!G7 -> 4.1428571 | E4: =IF(OR(C4="",D4=""),"",D4-C4) -> -2 | F4: =WEEK_METRICS!H6 -> 83.861907 | G4: =WEEK_METRICS!H7 -> 45.558448 | H4: =IF(OR(F4="",G4=""),"",G4-F4) -> -38.30346 | I4: =WEEK_METRICS!I6 -> 7.4696675 | J4: =WEEK_METRICS!I7 -> 6.814331 | K4: =IF(OR(I4="",J4=""),"",J4-I4) -> -0.65533656 | L4: =WEEK_METRICS!J6 -> 32.699071 | M4: =WEEK_METRICS!J7 -> 27.493833 | N4: =IF(OR(L4="",M4=""),"",M4-L4) -> -5.2052381 | O4: =WEEK_METRICS!K6 -> 48.686216 | P4: =WEEK_METRICS!K7 -> 43.712857 | Q4: =IF(OR(O4="",P4=""),"",P4-O4) -> -4.9733591 | R4: =WEEK_METRICS!L6 -> 13 | S4: =WEEK_METRICS!L7 -> 11 | T4: =IF(OR(R4="",S4=""),"",S4-R4) -> -2 | U4: =WEEK_METRICS!F6 -> 37 | V4: =IF(U4>=3,"YES","NO") -> YES | X4: How to read it: Positive/negative direction depends on the metric; inspect the metric before interpreting improvement.
A5: R4 | B5: =WEEK_METRICS!B8 -> CONTROL | C5: =WEEK_METRICS!G8 -> 7.1428571 | D5: =WEEK_METRICS!G9 -> 7.1428571 | E5: =IF(OR(C5="",D5=""),"",D5-C5) -> 0 | F5: =WEEK_METRICS!H8 -> 97.320948 | G5: =WEEK_METRICS!H9 -> 97.649745 | H5: =IF(OR(F5="",G5=""),"",G5-F5) -> 0.32879762 | I5: =WEEK_METRICS!I8 -> 7.038964 | J5: =WEEK_METRICS!I9 -> 7.2571037 | K5: =IF(OR(I5="",J5=""),"",J5-I5) -> 0.21813974 | L5: =WEEK_METRICS!J8 -> 31.117105 | M5: =WEEK_METRICS!J9 -> 31.341412 | N5: =IF(OR(L5="",M5=""),"",M5-L5) -> 0.22430612 | O5: =WEEK_METRICS!K8 -> 47.385778 | P5: =WEEK_METRICS!K9 -> 47.569545 | Q5: =IF(OR(O5="",P5=""),"",P5-O5) -> 0.18376768 | R5: =WEEK_METRICS!L8 -> 14 | S5: =WEEK_METRICS!L9 -> 14 | T5: =IF(OR(R5="",S5=""),"",S5-R5) -> 0 | U5: =WEEK_METRICS!F8 -> 45 | V5: =IF(U5>=3,"YES","NO") -> YES
A6: R5 | B6: =WEEK_METRICS!B10 -> INTERVENTION | C6: =WEEK_METRICS!G10 -> 0.57142857 | D6: =WEEK_METRICS!G11 -> 2.1428571 | E6: =IF(OR(C6="",D6=""),"",D6-C6) -> 1.5714286 | F6: =WEEK_METRICS!H10 -> 8.5370071 | G6: =WEEK_METRICS!H11 -> 25.110255 | H6: =IF(OR(F6="",G6=""),"",G6-F6) -> 16.573248 | I6: =WEEK_METRICS!I10 -> 6.8453333 | J6: =WEEK_METRICS!I11 -> 6.7107857 | K6: =IF(OR(I6="",J6=""),"",J6-I6) -> -0.13454762 | L6: =WEEK_METRICS!J10 | M6: =WEEK_METRICS!J11 -> 29.789167 | N6: =IF(OR(L6="",M6=""),"",M6-L6) | O6: =WEEK_METRICS!K10 | P6: =WEEK_METRICS!K11 -> 44.442308 | Q6: =IF(OR(O6="",P6=""),"",P6-O6) | R6: =WEEK_METRICS!L10 -> 10 | S6: =WEEK_METRICS!L11 -> 9 | T6: =IF(OR(R6="",S6=""),"",S6-R6) -> -1 | U6: =WEEK_METRICS!F10 -> 0 | V6: =IF(U6>=3,"YES","NO") -> NO
A7: R6 | B7: =WEEK_METRICS!B12 -> CONTROL | C7: =WEEK_METRICS!G12 -> 4.1428571 | D7: =WEEK_METRICS!G13 -> 4.1428571 | E7: =IF(OR(C7="",D7=""),"",D7-C7) -> 0 | F7: =WEEK_METRICS!H12 -> 54.065055 | G7: =WEEK_METRICS!H13 -> 55.118405 | H7: =IF(OR(F7="",G7=""),"",G7-F7) -> 1.05335 | I7: =WEEK_METRICS!I12 -> 7.4008881 | J7: =WEEK_METRICS!I13 -> 7.198831 | K7: =IF(OR(I7="",J7=""),"",J7-I7) -> -0.20205714 | L7: =WEEK_METRICS!J12 -> 28.674452 | M7: =WEEK_METRICS!J13 -> 30.405714 | N7: =IF(OR(L7="",M7=""),"",M7-L7) -> 1.7312619 | O7: =WEEK_METRICS!K12 -> 46.292593 | P7: =WEEK_METRICS!K13 -> 47.007308 | Q7: =IF(OR(O7="",P7=""),"",P7-O7) -> 0.7147151 | R7: =WEEK_METRICS!L12 -> 11 | S7: =WEEK_METRICS!L13 -> 11 | T7: =IF(OR(R7="",S7=""),"",S7-R7) -> 0 | U7: =WEEK_METRICS!F12 -> 27 | V7: =IF(U7>=3,"YES","NO") -> YES
A8: R7 | B8: =WEEK_METRICS!B14 -> INTERVENTION | C8: =WEEK_METRICS!G14 -> 5.1428571 | D8: =WEEK_METRICS!G15 -> 5.1428571 | E8: =IF(OR(C8="",D8=""),"",D8-C8) -> 0 | F8: =WEEK_METRICS!H14 -> 71.948452 | G8: =WEEK_METRICS!H15 -> 66.361648 | H8: =IF(OR(F8="",G8=""),"",G8-F8) -> -5.5868048 | I8: =WEEK_METRICS!I14 -> 7.0515731 | J8: =WEEK_METRICS!I15 -> 7.298701 | K8: =IF(OR(I8="",J8=""),"",J8-I8) -> 0.24712789 | L8: =WEEK_METRICS!J14 -> 29.8075 | M8: =WEEK_METRICS!J15 -> 30.177095 | N8: =IF(OR(L8="",M8=""),"",M8-L8) -> 0.36959524 | O8: =WEEK_METRICS!K14 -> 47.120968 | P8: =WEEK_METRICS!K15 -> 46.844839 | Q8: =IF(OR(O8="",P8=""),"",P8-O8) -> -0.27612903 | R8: =WEEK_METRICS!L14 -> 12 | S8: =WEEK_METRICS!L15 -> 12 | T8: =IF(OR(R8="",S8=""),"",S8-R8) -> 0 | U8: =WEEK_METRICS!F14 -> 31 | V8: =IF(U8>=3,"YES","NO") -> YES
A9: R8 | B9: =WEEK_METRICS!B16 -> CONTROL | C9: =WEEK_METRICS!G16 -> 6.1428571 | D9: =WEEK_METRICS!G17 -> 7.1428571 | E9: =IF(OR(C9="",D9=""),"",D9-C9) -> 1 | F9: =WEEK_METRICS!H16 -> 83.373007 | G9: =WEEK_METRICS!H17 -> 103.14568 | H9: =IF(OR(F9="",G9=""),"",G9-F9) -> 19.772676 | I9: =WEEK_METRICS!I16 -> 6.8700379 | J9: =WEEK_METRICS!I17 -> 7.331167 | K9: =IF(OR(I9="",J9=""),"",J9-I9) -> 0.46112902 | L9: =WEEK_METRICS!J16 -> 31.057083 | M9: =WEEK_METRICS!J17 -> 33.321403 | N9: =IF(OR(L9="",M9=""),"",M9-L9) -> 2.2643197 | O9: =WEEK_METRICS!K16 -> 47.061282 | P9: =WEEK_METRICS!K17 -> 49.207391 | Q9: =IF(OR(O9="",P9=""),"",P9-O9) -> 2.1461093 | R9: =WEEK_METRICS!L16 -> 13 | S9: =WEEK_METRICS!L17 -> 14 | T9: =IF(OR(R9="",S9=""),"",S9-R9) -> 1 | U9: =WEEK_METRICS!F16 -> 39 | V9: =IF(U9>=3,"YES","NO") -> YES
A10: R9 | B10: =WEEK_METRICS!B18 -> INTERVENTION | C10: =WEEK_METRICS!G18 -> 0.57142857 | D10: =WEEK_METRICS!G19 -> 5.1428571 | E10: =IF(OR(C10="",D10=""),"",D10-C10) -> 4.5714286 | F10: =WEEK_METRICS!H18 -> 6.4892095 | G10: =WEEK_METRICS!H19 -> 56.335229 | H10: =IF(OR(F10="",G10=""),"",G10-F10) -> 49.846019 | I10: =WEEK_METRICS!I18 -> 7.7888333 | J10: =WEEK_METRICS!I19 -> 6.4096731 | K10: =IF(OR(I10="",J10=""),"",J10-I10) -> -1.3791602 | L10: =WEEK_METRICS!J18 | M10: =WEEK_METRICS!J19 -> 25.46869 | N10: =IF(OR(L10="",M10=""),"",M10-L10) | O10: =WEEK_METRICS!K18 | P10: =WEEK_METRICS!K19 -> 42.544138 | Q10: =IF(OR(O10="",P10=""),"",P10-O10) | R10: =WEEK_METRICS!L18 -> 14 | S10: =WEEK_METRICS!L19 -> 12 | T10: =IF(OR(R10="",S10=""),"",S10-R10) -> -2 | U10: =WEEK_METRICS!F18 -> 0 | V10: =IF(U10>=3,"YES","NO") -> NO
A11: R10 | B11: =WEEK_METRICS!B20 -> CONTROL | C11: =WEEK_METRICS!G20 -> 3.1428571 | D11: =WEEK_METRICS!G21 -> 2.1428571 | E11: =IF(OR(C11="",D11=""),"",D11-C11) -> -1 | F11: =WEEK_METRICS!H20 -> 44.810971 | G11: =WEEK_METRICS!H21 -> 26.849831 | H11: =IF(OR(F11="",G11=""),"",G11-F11) -> -17.96114 | I11: =WEEK_METRICS!I20 -> 7.4591976 | J11: =WEEK_METRICS!I21 -> 6.58425 | K11: =IF(OR(I11="",J11=""),"",J11-I11) -> -0.87494762 | L11: =WEEK_METRICS!J20 -> 31.712429 | M11: =WEEK_METRICS!J21 -> 30.327639 | N11: =IF(OR(L11="",M11=""),"",M11-L11) -> -1.3847897 | O11: =WEEK_METRICS!K20 -> 48.075263 | P11: =WEEK_METRICS!K21 -> 45.423846 | Q11: =IF(OR(O11="",P11=""),"",P11-O11) -> -2.651417 | R11: =WEEK_METRICS!L20 -> 10 | S11: =WEEK_METRICS!L21 -> 9 | T11: =IF(OR(R11="",S11=""),"",S11-R11) -> -1 | U11: =WEEK_METRICS!F20 -> 19 | V11: =IF(U11>=3,"YES","NO") -> YES
A12: R11 | B12: =WEEK_METRICS!B22 -> INTERVENTION | C12: =WEEK_METRICS!G22 -> 12.571429 | D12: =WEEK_METRICS!G23 -> 13.571429 | E12: =IF(OR(C12="",D12=""),"",D12-C12) -> 1 | F12: =WEEK_METRICS!H22 -> 270.0898 | G12: =WEEK_METRICS!H23 -> 300.26872 | H12: =IF(OR(F12="",G12=""),"",G12-F12) -> 30.178919 | I12: =WEEK_METRICS!I22 -> 8.6327184 | J12: =WEEK_METRICS!I23 -> 8.881388 | K12: =IF(OR(I12="",J12=""),"",J12-I12) -> 0.24866959 | L12: =WEEK_METRICS!J22 -> 39.348296 | M12: =WEEK_METRICS!J23 -> 42.403334 | N12: =IF(OR(L12="",M12=""),"",M12-L12) -> 3.0550378 | O12: =WEEK_METRICS!K22 -> 57.7872 | P12: =WEEK_METRICS!K23 -> 59.82039 | Q12: =IF(OR(O12="",P12=""),"",P12-O12) -> 2.0331896 | R12: =WEEK_METRICS!L22 -> 14 | S12: =WEEK_METRICS!L23 -> 15 | T12: =IF(OR(R12="",S12=""),"",S12-R12) -> 1 | U12: =WEEK_METRICS!F22 -> 75 | V12: =IF(U12>=3,"YES","NO") -> YES
A13: R12 | B13: =WEEK_METRICS!B24 -> CONTROL | C13: =WEEK_METRICS!G24 -> 13.571429 | D13: =WEEK_METRICS!G25 -> 13.571429 | E13: =IF(OR(C13="",D13=""),"",D13-C13) -> 0 | F13: =WEEK_METRICS!H24 -> 292.4508 | G13: =WEEK_METRICS!H25 -> 291.32272 | H13: =IF(OR(F13="",G13=""),"",G13-F13) -> -1.1280738 | I13: =WEEK_METRICS!I24 -> 8.7781625 | J13: =WEEK_METRICS!I25 -> 8.7206509 | K13: =IF(OR(I13="",J13=""),"",J13-I13) -> -0.057511538 | L13: =WEEK_METRICS!J24 -> 40.014889 | M13: =WEEK_METRICS!J25 -> 39.040935 | N13: =IF(OR(L13="",M13=""),"",M13-L13) -> -0.97395469 | O13: =WEEK_METRICS!K24 -> 58.27439 | P13: =WEEK_METRICS!K25 -> 58.002375 | Q13: =IF(OR(O13="",P13=""),"",P13-O13) -> -0.27201524 | R13: =WEEK_METRICS!L24 -> 15 | S13: =WEEK_METRICS!L25 -> 15 | T13: =IF(OR(R13="",S13=""),"",S13-R13) -> 0 | U13: =WEEK_METRICS!F24 -> 82 | V13: =IF(U13>=3,"YES","NO") -> YES
A14: R13 | B14: =WEEK_METRICS!B26 -> INTERVENTION | C14: =WEEK_METRICS!G26 -> 14.571429 | D14: =WEEK_METRICS!G27 -> 12.571429 | E14: =IF(OR(C14="",D14=""),"",D14-C14) -> -2 | F14: =WEEK_METRICS!H26 -> 320.84754 | G14: =WEEK_METRICS!H27 -> 224.62819 | H14: =IF(OR(F14="",G14=""),"",G14-F14) -> -96.219352 | I14: =WEEK_METRICS!I26 -> 8.7509192 | J14: =WEEK_METRICS!I27 -> 8.0325676 | K14: =IF(OR(I14="",J14=""),"",J14-I14) -> -0.71835162 | L14: =WEEK_METRICS!J26 -> 39.915056 | M14: =WEEK_METRICS!J27 -> 35.230022 | N14: =IF(OR(L14="",M14=""),"",M14-L14) -> -4.6850335 | O14: =WEEK_METRICS!K26 -> 58.556957 | P14: =WEEK_METRICS!K27 -> 53.13075 | Q14: =IF(OR(O14="",P14=""),"",P14-O14) -> -5.4262065 | R14: =WEEK_METRICS!L26 -> 16 | S14: =WEEK_METRICS!L27 -> 14 | T14: =IF(OR(R14="",S14=""),"",S14-R14) -> -2 | U14: =WEEK_METRICS!F26 -> 92 | V14: =IF(U14>=3,"YES","NO") -> YES
A15: R14 | B15: =WEEK_METRICS!B28 -> CONTROL | C15: =WEEK_METRICS!G28 -> 15.571429 | D15: =WEEK_METRICS!G29 -> 15.571429 | E15: =IF(OR(C15="",D15=""),"",D15-C15) -> 0 | F15: =WEEK_METRICS!H28 -> 333.13168 | G15: =WEEK_METRICS!H29 -> 340.70411 | H15: =IF(OR(F15="",G15=""),"",G15-F15) -> 7.5724286 | I15: =WEEK_METRICS!I28 -> 8.5386474 | J15: =WEEK_METRICS!I29 -> 8.7828776 | K15: =IF(OR(I15="",J15=""),"",J15-I15) -> 0.24423022 | L15: =WEEK_METRICS!J28 -> 39.207606 | M15: =WEEK_METRICS!J29 -> 39.928324 | N15: =IF(OR(L15="",M15=""),"",M15-L15) -> 0.72071749 | O15: =WEEK_METRICS!K28 -> 57.574742 | P15: =WEEK_METRICS!K29 -> 58.554545 | Q15: =IF(OR(O15="",P15=""),"",P15-O15) -> 0.97980319 | R15: =WEEK_METRICS!L28 -> 17 | S15: =WEEK_METRICS!L29 -> 17 | T15: =IF(OR(R15="",S15=""),"",S15-R15) -> 0 | U15: =WEEK_METRICS!F28 -> 97 | V15: =IF(U15>=3,"YES","NO") -> YES
A16: R15 | B16: =WEEK_METRICS!B30 -> INTERVENTION | C16: =WEEK_METRICS!G30 -> 11.571429 | D16: =WEEK_METRICS!G31 -> 10.714286 | E16: =IF(OR(C16="",D16=""),"",D16-C16) -> -0.85714286 | F16: =WEEK_METRICS!H30 -> 246.42689 | G16: =WEEK_METRICS!H31 -> 209.32476 | H16: =IF(OR(F16="",G16=""),"",G16-F16) -> -37.102126 | I16: =WEEK_METRICS!I30 -> 8.692577 | J16: =WEEK_METRICS!I31 -> 8.267969 | K16: =IF(OR(I16="",J16=""),"",J16-I16) -> -0.42460793 | L16: =WEEK_METRICS!J30 -> 39.666707 | M16: =WEEK_METRICS!J31 -> 38.003606 | N16: =IF(OR(L16="",M16=""),"",M16-L16) -> -1.663101 | O16: =WEEK_METRICS!K30 -> 57.959067 | P16: =WEEK_METRICS!K31 -> 55.57913 | Q16: =IF(OR(O16="",P16=""),"",P16-O16) -> -2.3799362 | R16: =WEEK_METRICS!L30 -> 13 | S16: =WEEK_METRICS!L31 -> 12 | T16: =IF(OR(R16="",S16=""),"",S16-R16) -> -1 | U16: =WEEK_METRICS!F30 -> 75 | V16: =IF(U16>=3,"YES","NO") -> YES
A17: R16 | B17: =WEEK_METRICS!B32 -> CONTROL | C17: =WEEK_METRICS!G32 -> 12.571429 | D17: =WEEK_METRICS!G33 -> 13.571429 | E17: =IF(OR(C17="",D17=""),"",D17-C17) -> 1 | F17: =WEEK_METRICS!H32 -> 265.06445 | G17: =WEEK_METRICS!H33 -> 301.97647 | H17: =IF(OR(F17="",G17=""),"",G17-F17) -> 36.912014 | I17: =WEEK_METRICS!I32 -> 8.756887 | J17: =WEEK_METRICS!I33 -> 8.8406585 | K17: =IF(OR(I17="",J17=""),"",J17-I17) -> 0.083771536 | L17: =WEEK_METRICS!J32 -> 40.407665 | M17: =WEEK_METRICS!J33 -> 40.963158 | N17: =IF(OR(L17="",M17=""),"",M17-L17) -> 0.55549229 | O17: =WEEK_METRICS!K32 -> 58.076806 | P17: =WEEK_METRICS!K33 -> 59.016296 | Q17: =IF(OR(O17="",P17=""),"",P17-O17) -> 0.93949074 | R17: =WEEK_METRICS!L32 -> 14 | S17: =WEEK_METRICS!L33 -> 15 | T17: =IF(OR(R17="",S17=""),"",S17-R17) -> 1 | U17: =WEEK_METRICS!F32 -> 72 | V17: =IF(U17>=3,"YES","NO") -> YES
A18: R17 | B18: =WEEK_METRICS!B34 -> INTERVENTION | C18: =WEEK_METRICS!G34 -> 13.571429 | D18: =WEEK_METRICS!G35 -> 11.571429 | E18: =IF(OR(C18="",D18=""),"",D18-C18) -> -2 | F18: =WEEK_METRICS!H34 -> 294.71935 | G18: =WEEK_METRICS!H35 -> 211.27514 | H18: =IF(OR(F18="",G18=""),"",G18-F18) -> -83.44421 | I18: =WEEK_METRICS!I34 -> 8.6798631 | J18: =WEEK_METRICS!I35 -> 8.0617273 | K18: =IF(OR(I18="",J18=""),"",J18-I18) -> -0.61813573 | L18: =WEEK_METRICS!J34 -> 39.885961 | M18: =WEEK_METRICS!J35 -> 35.369754 | N18: =IF(OR(L18="",M18=""),"",M18-L18) -> -4.5162071 | O18: =WEEK_METRICS!K34 -> 58.126322 | P18: =WEEK_METRICS!K35 -> 53.584714 | Q18: =IF(OR(O18="",P18=""),"",P18-O18) -> -4.5416076 | R18: =WEEK_METRICS!L34 -> 15 | S18: =WEEK_METRICS!L35 -> 13 | T18: =IF(OR(R18="",S18=""),"",S18-R18) -> -2 | U18: =WEEK_METRICS!F34 -> 87 | V18: =IF(U18>=3,"YES","NO") -> YES
A19: R18 | B19: =WEEK_METRICS!B36 -> CONTROL | C19: =WEEK_METRICS!G36 -> 14.571429 | D19: =WEEK_METRICS!G37 -> 14.571429 | E19: =IF(OR(C19="",D19=""),"",D19-C19) -> 0 | F19: =WEEK_METRICS!H36 -> 317.86669 | G19: =WEEK_METRICS!H37 -> 307.96529 | H19: =IF(OR(F19="",G19=""),"",G19-F19) -> -9.9014 | I19: =WEEK_METRICS!I36 -> 8.7997861 | J19: =WEEK_METRICS!I37 -> 8.6080605 | K19: =IF(OR(I19="",J19=""),"",J19-I19) -> -0.19172556 | L19: =WEEK_METRICS!J36 -> 41.067496 | M19: =WEEK_METRICS!J37 -> 39.626164 | N19: =IF(OR(L19="",M19=""),"",M19-L19) -> -1.4413315 | O19: =WEEK_METRICS!K36 -> 58.996092 | P19: =WEEK_METRICS!K37 -> 57.690417 | Q19: =IF(OR(O19="",P19=""),"",P19-O19) -> -1.3056753 | R19: =WEEK_METRICS!L36 -> 16 | S19: =WEEK_METRICS!L37 -> 16 | T19: =IF(OR(R19="",S19=""),"",S19-R19) -> 0 | U19: =WEEK_METRICS!F36 -> 87 | V19: =IF(U19>=3,"YES","NO") -> YES
A20: R19 | B20: =WEEK_METRICS!B38 -> INTERVENTION | C20: =WEEK_METRICS!G38 -> 15.571429 | D20: =WEEK_METRICS!G39 -> 13.571429 | E20: =IF(OR(C20="",D20=""),"",D20-C20) -> -2 | F20: =WEEK_METRICS!H38 -> 335.56095 | G20: =WEEK_METRICS!H39 -> 243.79095 | H20: =IF(OR(F20="",G20=""),"",G20-F20) -> -91.77001 | I20: =WEEK_METRICS!I38 -> 8.8548759 | J20: =WEEK_METRICS!I39 -> 8.1661996 | K20: =IF(OR(I20="",J20=""),"",J20-I20) -> -0.68867634 | L20: =WEEK_METRICS!J38 -> 41.245281 | M20: =WEEK_METRICS!J39 -> 34.931537 | N20: =IF(OR(L20="",M20=""),"",M20-L20) -> -6.3137443 | O20: =WEEK_METRICS!K38 -> 58.812105 | P20: =WEEK_METRICS!K39 -> 53.02046 | Q20: =IF(OR(O20="",P20=""),"",P20-O20) -> -5.7916455 | R20: =WEEK_METRICS!L38 -> 17 | S20: =WEEK_METRICS!L39 -> 15 | T20: =IF(OR(R20="",S20=""),"",S20-R20) -> -2 | U20: =WEEK_METRICS!F38 -> 95 | V20: =IF(U20>=3,"YES","NO") -> YES
A21: R20 | B21: =WEEK_METRICS!B40 -> CONTROL | C21: =WEEK_METRICS!G40 -> 11.571429 | D21: =WEEK_METRICS!G41 -> 10.714286 | E21: =IF(OR(C21="",D21=""),"",D21-C21) -> -0.85714286 | F21: =WEEK_METRICS!H40 -> 249.30324 | G21: =WEEK_METRICS!H41 -> 225.75671 | H21: =IF(OR(F21="",G21=""),"",G21-F21) -> -23.546531 | I21: =WEEK_METRICS!I40 -> 8.620836 | J21: =WEEK_METRICS!I41 -> 8.6974632 | K21: =IF(OR(I21="",J21=""),"",J21-I21) -> 0.076627223 | L21: =WEEK_METRICS!J40 -> 39.25263 | M21: =WEEK_METRICS!J41 -> 39.225034 | N21: =IF(OR(L21="",M21=""),"",M21-L21) -> -0.027596578 | O21: =WEEK_METRICS!K40 -> 57.720508 | P21: =WEEK_METRICS!K41 -> 57.397463 | Q21: =IF(OR(O21="",P21=""),"",P21-O21) -> -0.32304579 | R21: =WEEK_METRICS!L40 -> 13 | S21: =WEEK_METRICS!L41 -> 12 | T21: =IF(OR(R21="",S21=""),"",S21-R21) -> -1 | U21: =WEEK_METRICS!F40 -> 59 | V21: =IF(U21>=3,"YES","NO") -> YES
A22: R21 | B22: =WEEK_METRICS!B42 -> INTERVENTION | C22: =WEEK_METRICS!G42 -> 12.571429 | D22: =WEEK_METRICS!G43 -> 12.571429 | E22: =IF(OR(C22="",D22=""),"",D22-C22) -> 0 | F22: =WEEK_METRICS!H42 -> 269.35277 | G22: =WEEK_METRICS!H43 -> 265.5358 | H22: =IF(OR(F22="",G22=""),"",G22-F22) -> -3.8169667 | I22: =WEEK_METRICS!I42 -> 8.5995578 | J22: =WEEK_METRICS!I43 -> 8.6902307 | K22: =IF(OR(I22="",J22=""),"",J22-I22) -> 0.090672922 | L22: =WEEK_METRICS!J42 -> 40.376791 | M22: =WEEK_METRICS!J43 -> 39.520754 | N22: =IF(OR(L22="",M22=""),"",M22-L22) -> -0.85603715 | O22: =WEEK_METRICS!K42 -> 58.256173 | P22: =WEEK_METRICS!K43 -> 57.798442 | Q22: =IF(OR(O22="",P22=""),"",P22-O22) -> -0.45773128 | R22: =WEEK_METRICS!L42 -> 14 | S22: =WEEK_METRICS!L43 -> 14 | T22: =IF(OR(R22="",S22=""),"",S22-R22) -> 0 | U22: =WEEK_METRICS!F42 -> 81 | V22: =IF(U22>=3,"YES","NO") -> YES
A23: R22 | B23: =WEEK_METRICS!B44 -> CONTROL | C23: =WEEK_METRICS!G44 -> 13.571429 | D23: =WEEK_METRICS!G45 -> 13.571429 | E23: =IF(OR(C23="",D23=""),"",D23-C23) -> 0 | F23: =WEEK_METRICS!H44 -> 290.31844 | G23: =WEEK_METRICS!H45 -> 285.99372 | H23: =IF(OR(F23="",G23=""),"",G23-F23) -> -4.3247238 | I23: =WEEK_METRICS!I44 -> 8.6706915 | J23: =WEEK_METRICS!I45 -> 8.5739491 | K23: =IF(OR(I23="",J23=""),"",J23-I23) -> -0.096742465 | L23: =WEEK_METRICS!J44 -> 39.361059 | M23: =WEEK_METRICS!J45 -> 40.626739 | N23: =IF(OR(L23="",M23=""),"",M23-L23) -> 1.2656797 | O23: =WEEK_METRICS!K44 -> 57.759744 | P23: =WEEK_METRICS!K45 -> 58.073059 | Q23: =IF(OR(O23="",P23=""),"",P23-O23) -> 0.31331523 | R23: =WEEK_METRICS!L44 -> 15 | S23: =WEEK_METRICS!L45 -> 15 | T23: =IF(OR(R23="",S23=""),"",S23-R23) -> 0 | U23: =WEEK_METRICS!F44 -> 78 | V23: =IF(U23>=3,"YES","NO") -> YES
A24: R23 | B24: =WEEK_METRICS!B46 -> INTERVENTION | C24: =WEEK_METRICS!G46 -> 14.571429 | D24: =WEEK_METRICS!G47 -> 12.571429 | E24: =IF(OR(C24="",D24=""),"",D24-C24) -> -2 | F24: =WEEK_METRICS!H46 -> 308.38432 | G24: =WEEK_METRICS!H47 -> 223.22937 | H24: =IF(OR(F24="",G24=""),"",G24-F24) -> -85.154955 | I24: =WEEK_METRICS!I46 -> 8.7047862 | J24: =WEEK_METRICS!I47 -> 7.9555503 | K24: =IF(OR(I24="",J24=""),"",J24-I24) -> -0.74923588 | L24: =WEEK_METRICS!J46 -> 39.694229 | M24: =WEEK_METRICS!J47 -> 35.452516 | N24: =IF(OR(L24="",M24=""),"",M24-L24) -> -4.2417123 | O24: =WEEK_METRICS!K46 -> 57.75125 | P24: =WEEK_METRICS!K47 -> 52.923636 | Q24: =IF(OR(O24="",P24=""),"",P24-O24) -> -4.8276136 | R24: =WEEK_METRICS!L46 -> 16 | S24: =WEEK_METRICS!L47 -> 14 | T24: =IF(OR(R24="",S24=""),"",S24-R24) -> -2 | U24: =WEEK_METRICS!F46 -> 88 | V24: =IF(U24>=3,"YES","NO") -> YES
A25: R24 | B25: =WEEK_METRICS!B48 -> CONTROL | C25: =WEEK_METRICS!G48 -> 15.571429 | D25: =WEEK_METRICS!G49 -> 16.571429 | E25: =IF(OR(C25="",D25=""),"",D25-C25) -> 1 | F25: =WEEK_METRICS!H48 -> 326.21026 | G25: =WEEK_METRICS!H49 -> 374.47403 | H25: =IF(OR(F25="",G25=""),"",G25-F25) -> 48.263769 | I25: =WEEK_METRICS!I48 -> 8.6310804 | J25: =WEEK_METRICS!I49 -> 8.8083408 | K25: =IF(OR(I25="",J25=""),"",J25-I25) -> 0.17726038 | L25: =WEEK_METRICS!J48 -> 40.133302 | M25: =WEEK_METRICS!J49 -> 41.347479 | N25: =IF(OR(L25="",M25=""),"",M25-L25) -> 1.2141777 | O25: =WEEK_METRICS!K48 -> 57.664598 | P25: =WEEK_METRICS!K49 -> 59.635354 | Q25: =IF(OR(O25="",P25=""),"",P25-O25) -> 1.9707558 | R25: =WEEK_METRICS!L48 -> 17 | S25: =WEEK_METRICS!L49 -> 18 | T25: =IF(OR(R25="",S25=""),"",S25-R25) -> 1 | U25: =WEEK_METRICS!F48 -> 87 | V25: =IF(U25>=3,"YES","NO") -> YES
A26: R25 | B26: =WEEK_METRICS!B50 -> INTERVENTION | C26: =WEEK_METRICS!G50 -> 11.571429 | D26: =WEEK_METRICS!G51 -> 10.714286 | E26: =IF(OR(C26="",D26=""),"",D26-C26) -> -0.85714286 | F26: =WEEK_METRICS!H50 -> 254.59163 | G26: =WEEK_METRICS!H51 -> 214.00487 | H26: =IF(OR(F26="",G26=""),"",G26-F26) -> -40.586757 | I26: =WEEK_METRICS!I50 -> 8.836556 | J26: =WEEK_METRICS!I51 -> 8.4637463 | K26: =IF(OR(I26="",J26=""),"",J26-I26) -> -0.37280972 | L26: =WEEK_METRICS!J50 -> 40.712478 | M26: =WEEK_METRICS!J51 -> 38.417573 | N26: =IF(OR(L26="",M26=""),"",M26-L26) -> -2.2949055 | O26: =WEEK_METRICS!K50 -> 58.753333 | P26: =WEEK_METRICS!K51 -> 56.046418 | Q26: =IF(OR(O26="",P26=""),"",P26-O26) -> -2.7069154 | R26: =WEEK_METRICS!L50 -> 13 | S26: =WEEK_METRICS!L51 -> 12 | T26: =IF(OR(R26="",S26=""),"",S26-R26) -> -1 | U26: =WEEK_METRICS!F50 -> 66 | V26: =IF(U26>=3,"YES","NO") -> YES
A27: R26 | B27: =WEEK_METRICS!B52 -> CONTROL | C27: =WEEK_METRICS!G52 -> 12.571429 | D27: =WEEK_METRICS!G53 -> 12.571429 | E27: =IF(OR(C27="",D27=""),"",D27-C27) -> 0 | F27: =WEEK_METRICS!H52 -> 267.06883 | G27: =WEEK_METRICS!H53 -> 269.59937 | H27: =IF(OR(F27="",G27=""),"",G27-F27) -> 2.5305333 | I27: =WEEK_METRICS!I52 -> 8.7072397 | J27: =WEEK_METRICS!I53 -> 8.7599449 | K27: =IF(OR(I27="",J27=""),"",J27-I27) -> 0.052705211 | L27: =WEEK_METRICS!J52 -> 39.593458 | M27: =WEEK_METRICS!J53 -> 39.9826 | N27: =IF(OR(L27="",M27=""),"",M27-L27) -> 0.38914194 | O27: =WEEK_METRICS!K52 -> 57.86037 | P27: =WEEK_METRICS!K53 -> 58.277975 | Q27: =IF(OR(O27="",P27=""),"",P27-O27) -> 0.41760431 | R27: =WEEK_METRICS!L52 -> 14 | S27: =WEEK_METRICS!L53 -> 14 | T27: =IF(OR(R27="",S27=""),"",S27-R27) -> 0 | U27: =WEEK_METRICS!F52 -> 81 | V27: =IF(U27>=3,"YES","NO") -> YES
A28: R27 | B28: =WEEK_METRICS!B54 -> INTERVENTION | C28: =WEEK_METRICS!G54 -> 13.571429 | D28: =WEEK_METRICS!G55 -> 11.571429 | E28: =IF(OR(C28="",D28=""),"",D28-C28) -> -2 | F28: =WEEK_METRICS!H54 -> 292.34442 | G28: =WEEK_METRICS!H55 -> 209.99211 | H28: =IF(OR(F28="",G28=""),"",G28-F28) -> -82.352307 | I28: =WEEK_METRICS!I54 -> 8.7161689 | J28: =WEEK_METRICS!I55 -> 8.155534 | K28: =IF(OR(I28="",J28=""),"",J28-I28) -> -0.56063487 | L28: =WEEK_METRICS!J54 -> 40.482025 | M28: =WEEK_METRICS!J55 -> 34.805364 | N28: =IF(OR(L28="",M28=""),"",M28-L28) -> -5.6766607 | O28: =WEEK_METRICS!K54 -> 58.415238 | P28: =WEEK_METRICS!K55 -> 53.001818 | Q28: =IF(OR(O28="",P28=""),"",P28-O28) -> -5.4134199 | R28: =WEEK_METRICS!L54 -> 15 | S28: =WEEK_METRICS!L55 -> 13 | T28: =IF(OR(R28="",S28=""),"",S28-R28) -> -2 | U28: =WEEK_METRICS!F54 -> 84 | V28: =IF(U28>=3,"YES","NO") -> YES
A29: R28 | B29: =WEEK_METRICS!B56 -> CONTROL | C29: =WEEK_METRICS!G56 -> 14.571429 | D29: =WEEK_METRICS!G57 -> 14.571429 | E29: =IF(OR(C29="",D29=""),"",D29-C29) -> 0 | F29: =WEEK_METRICS!H56 -> 315.97656 | G29: =WEEK_METRICS!H57 -> 314.9067 | H29: =IF(OR(F29="",G29=""),"",G29-F29) -> -1.0698643 | I29: =WEEK_METRICS!I56 -> 8.838218 | J29: =WEEK_METRICS!I57 -> 8.8217442 | K29: =IF(OR(I29="",J29=""),"",J29-I29) -> -0.016473829 | L29: =WEEK_METRICS!J56 -> 40.605659 | M29: =WEEK_METRICS!J57 -> 40.188742 | N29: =IF(OR(L29="",M29=""),"",M29-L29) -> -0.41691706 | O29: =WEEK_METRICS!K56 -> 58.874674 | P29: =WEEK_METRICS!K57 -> 58.521348 | Q29: =IF(OR(O29="",P29=""),"",P29-O29) -> -0.3533256 | R29: =WEEK_METRICS!L56 -> 16 | S29: =WEEK_METRICS!L57 -> 16 | T29: =IF(OR(R29="",S29=""),"",S29-R29) -> 0 | U29: =WEEK_METRICS!F56 -> 92 | V29: =IF(U29>=3,"YES","NO") -> YES
A30: R29 | B30: =WEEK_METRICS!B58 -> INTERVENTION | C30: =WEEK_METRICS!G58 -> 15.571429 | D30: =WEEK_METRICS!G59 -> 13.571429 | E30: =IF(OR(C30="",D30=""),"",D30-C30) -> -2 | F30: =WEEK_METRICS!H58 -> 334.986 | G30: =WEEK_METRICS!H59 -> 248.16247 | H30: =IF(OR(F30="",G30=""),"",G30-F30) -> -86.823526 | I30: =WEEK_METRICS!I58 -> 8.6570307 | J30: =WEEK_METRICS!I59 -> 8.0309668 | K30: =IF(OR(I30="",J30=""),"",J30-I30) -> -0.62606391 | L30: =WEEK_METRICS!J58 -> 40.250321 | M30: =WEEK_METRICS!J59 -> 35.398774 | N30: =IF(OR(L30="",M30=""),"",M30-L30) -> -4.8515475 | O30: =WEEK_METRICS!K58 -> 58.382959 | P30: =WEEK_METRICS!K59 -> 53.363708 | Q30: =IF(OR(O30="",P30=""),"",P30-O30) -> -5.0192513 | R30: =WEEK_METRICS!L58 -> 17 | S30: =WEEK_METRICS!L59 -> 15 | T30: =IF(OR(R30="",S30=""),"",S30-R30) -> -2 | U30: =WEEK_METRICS!F58 -> 98 | V30: =IF(U30>=3,"YES","NO") -> YES
A31: R30 | B31: =WEEK_METRICS!B60 -> CONTROL | C31: =WEEK_METRICS!G60 -> 11.571429 | D31: =WEEK_METRICS!G61 -> 10.714286 | E31: =IF(OR(C31="",D31=""),"",D31-C31) -> -0.85714286 | F31: =WEEK_METRICS!H60 -> 243.2662 | G31: =WEEK_METRICS!H61 -> 223.67257 | H31: =IF(OR(F31="",G31=""),"",G31-F31) -> -19.593629 | I31: =WEEK_METRICS!I60 -> 8.6835059 | J31: =WEEK_METRICS!I61 -> 8.5900377 | K31: =IF(OR(I31="",J31=""),"",J31-I31) -> -0.093468232 | L31: =WEEK_METRICS!J60 -> 40.582478 | M31: =WEEK_METRICS!J61 -> 39.865328 | N31: =IF(OR(L31="",M31=""),"",M31-L31) -> -0.71715043 | O31: =WEEK_METRICS!K60 -> 58.134143 | P31: =WEEK_METRICS!K61 -> 57.392985 | Q31: =IF(OR(O31="",P31=""),"",P31-O31) -> -0.74115778 | R31: =WEEK_METRICS!L60 -> 13 | S31: =WEEK_METRICS!L61 -> 12 | T31: =IF(OR(R31="",S31=""),"",S31-R31) -> -1 | U31: =WEEK_METRICS!F60 -> 70 | V31: =IF(U31>=3,"YES","NO") -> YES
A32: R31 | B32: =WEEK_METRICS!B62 -> INTERVENTION | C32: =WEEK_METRICS!G62 -> 12.571429 | D32: =WEEK_METRICS!G63 -> 10.714286 | E32: =IF(OR(C32="",D32=""),"",D32-C32) -> -1.8571429 | F32: =WEEK_METRICS!H62 -> 263.66781 | G32: =WEEK_METRICS!H63 -> 192.65144 | H32: =IF(OR(F32="",G32=""),"",G32-F32) -> -71.016369 | I32: =WEEK_METRICS!I62 -> 8.6225492 | J32: =WEEK_METRICS!I63 -> 7.9296957 | K32: =IF(OR(I32="",J32=""),"",J32-I32) -> -0.69285357 | L32: =WEEK_METRICS!J62 -> 40.122279 | M32: =WEEK_METRICS!J63 -> 35.017063 | N32: =IF(OR(L32="",M32=""),"",M32-L32) -> -5.1052158 | O32: =WEEK_METRICS!K62 -> 57.998718 | P32: =WEEK_METRICS!K63 -> 52.840635 | Q32: =IF(OR(O32="",P32=""),"",P32-O32) -> -5.158083 | R32: =WEEK_METRICS!L62 -> 14 | S32: =WEEK_METRICS!L63 -> 12 | T32: =IF(OR(R32="",S32=""),"",S32-R32) -> -2 | U32: =WEEK_METRICS!F62 -> 78 | V32: =IF(U32>=3,"YES","NO") -> YES
A33: R32 | B33: =WEEK_METRICS!B64 -> CONTROL | C33: =WEEK_METRICS!G64 -> 13.571429 | D33: =WEEK_METRICS!G65 -> 14.571429 | E33: =IF(OR(C33="",D33=""),"",D33-C33) -> 1 | F33: =WEEK_METRICS!H64 -> 283.10071 | G33: =WEEK_METRICS!H65 -> 329.24075 | H33: =IF(OR(F33="",G33=""),"",G33-F33) -> 46.140036 | I33: =WEEK_METRICS!I64 -> 8.5378094 | J33: =WEEK_METRICS!I65 -> 8.6850903 | K33: =IF(OR(I33="",J33=""),"",J33-I33) -> 0.14728086 | L33: =WEEK_METRICS!J64 -> 39.649148 | M33: =WEEK_METRICS!J65 -> 41.085933 | N33: =IF(OR(L33="",M33=""),"",M33-L33) -> 1.4367855 | O33: =WEEK_METRICS!K64 -> 57.406076 | P33: =WEEK_METRICS!K65 -> 59.412258 | Q33: =IF(OR(O33="",P33=""),"",P33-O33) -> 2.0061821 | R33: =WEEK_METRICS!L64 -> 15 | S33: =WEEK_METRICS!L65 -> 16 | T33: =IF(OR(R33="",S33=""),"",S33-R33) -> 1 | U33: =WEEK_METRICS!F64 -> 79 | V33: =IF(U33>=3,"YES","NO") -> YES
A34: R33 | B34: =WEEK_METRICS!B66 -> INTERVENTION | C34: =WEEK_METRICS!G66 -> 14.571429 | D34: =WEEK_METRICS!G67 -> 15.571429 | E34: =IF(OR(C34="",D34=""),"",D34-C34) -> 1 | F34: =WEEK_METRICS!H66 -> 313.78974 | G34: =WEEK_METRICS!H67 -> 346.33368 | H34: =IF(OR(F34="",G34=""),"",G34-F34) -> 32.543933 | I34: =WEEK_METRICS!I66 -> 8.786468 | J34: =WEEK_METRICS!I67 -> 8.8486404 | K34: =IF(OR(I34="",J34=""),"",J34-I34) -> 0.062172402 | L34: =WEEK_METRICS!J66 -> 39.940218 | M34: =WEEK_METRICS!J67 -> 41.662607 | N34: =IF(OR(L34="",M34=""),"",M34-L34) -> 1.7223884 | O34: =WEEK_METRICS!K66 -> 58.228315 | P34: =WEEK_METRICS!K67 -> 59.715495 | Q34: =IF(OR(O34="",P34=""),"",P34-O34) -> 1.4871799 | R34: =WEEK_METRICS!L66 -> 16 | S34: =WEEK_METRICS!L67 -> 17 | T34: =IF(OR(R34="",S34=""),"",S34-R34) -> 1 | U34: =WEEK_METRICS!F66 -> 89 | V34: =IF(U34>=3,"YES","NO") -> YES
A35: R34 | B35: =WEEK_METRICS!B68 -> CONTROL | C35: =WEEK_METRICS!G68 -> 15.571429 | D35: =WEEK_METRICS!G69 -> 15.571429 | E35: =IF(OR(C35="",D35=""),"",D35-C35) -> 0 | F35: =WEEK_METRICS!H68 -> 334.3568 | G35: =WEEK_METRICS!H69 -> 342.47134 | H35: =IF(OR(F35="",G35=""),"",G35-F35) -> 8.1145333 | I35: =WEEK_METRICS!I68 -> 8.7564403 | J35: =WEEK_METRICS!I69 -> 8.8866248 | K35: =IF(OR(I35="",J35=""),"",J35-I35) -> 0.13018449 | L35: =WEEK_METRICS!J68 -> 39.967605 | M35: =WEEK_METRICS!J69 -> 40.710452 | N35: =IF(OR(L35="",M35=""),"",M35-L35) -> 0.74284779 | O35: =WEEK_METRICS!K68 -> 58.139703 | P35: =WEEK_METRICS!K69 -> 58.9721 | Q35: =IF(OR(O35="",P35=""),"",P35-O35) -> 0.83239703 | R35: =WEEK_METRICS!L68 -> 17 | S35: =WEEK_METRICS!L69 -> 17 | T35: =IF(OR(R35="",S35=""),"",S35-R35) -> 0 | U35: =WEEK_METRICS!F68 -> 101 | V35: =IF(U35>=3,"YES","NO") -> YES
A36: R35 | B36: =WEEK_METRICS!B70 -> INTERVENTION | C36: =WEEK_METRICS!G70 -> 11.571429 | D36: =WEEK_METRICS!G71 -> 11.571429 | E36: =IF(OR(C36="",D36=""),"",D36-C36) -> 0 | F36: =WEEK_METRICS!H70 -> 246.003 | G36: =WEEK_METRICS!H71 -> 249.0916 | H36: =IF(OR(F36="",G36=""),"",G36-F36) -> 3.0886 | I36: =WEEK_METRICS!I70 -> 8.7804435 | J36: =WEEK_METRICS!I71 -> 8.7995832 | K36: =IF(OR(I36="",J36=""),"",J36-I36) -> 0.019139677 | L36: =WEEK_METRICS!J70 -> 40.347749 | M36: =WEEK_METRICS!J71 -> 39.327328 | N36: =IF(OR(L36="",M36=""),"",M36-L36) -> -1.0204205 | O36: =WEEK_METRICS!K70 -> 58.455373 | P36: =WEEK_METRICS!K71 -> 57.8848 | Q36: =IF(OR(O36="",P36=""),"",P36-O36) -> -0.57057313 | R36: =WEEK_METRICS!L70 -> 13 | S36: =WEEK_METRICS!L71 -> 13 | T36: =IF(OR(R36="",S36=""),"",S36-R36) -> 0 | U36: =WEEK_METRICS!F70 -> 67 | V36: =IF(U36>=3,"YES","NO") -> YES
A37: R36 | B37: =WEEK_METRICS!B72 -> CONTROL | C37: =WEEK_METRICS!G72 -> 21.857143 | D37: =WEEK_METRICS!G73 -> 21.857143 | E37: =IF(OR(C37="",D37=""),"",D37-C37) -> 0 | F37: =WEEK_METRICS!H72 -> 728.65669 | G37: =WEEK_METRICS!H73 -> 710.14918 | H37: =IF(OR(F37="",G37=""),"",G37-F37) -> -18.50751 | I37: =WEEK_METRICS!I72 -> 10.381274 | J37: =WEEK_METRICS!I73 -> 10.363518 | K37: =IF(OR(I37="",J37=""),"",J37-I37) -> -0.017756029 | L37: =WEEK_METRICS!J72 -> 47.954645 | M37: =WEEK_METRICS!J73 -> 48.309164 | N37: =IF(OR(L37="",M37=""),"",M37-L37) -> 0.35451905 | O37: =WEEK_METRICS!K72 -> 71.389538 | P37: =WEEK_METRICS!K73 -> 70.761439 | Q37: =IF(OR(O37="",P37=""),"",P37-O37) -> -0.62809961 | R37: =WEEK_METRICS!L72 -> 17 | S37: =WEEK_METRICS!L73 -> 17 | T37: =IF(OR(R37="",S37=""),"",S37-R37) -> 0 | U37: =WEEK_METRICS!F72 -> 130 | V37: =IF(U37>=3,"YES","NO") -> YES
A38: R37 | B38: =WEEK_METRICS!B74 -> INTERVENTION | C38: =WEEK_METRICS!G74 -> 22.857143 | D38: =WEEK_METRICS!G75 -> 19.857143 | E38: =IF(OR(C38="",D38=""),"",D38-C38) -> -3 | F38: =WEEK_METRICS!H74 -> 757.1075 | G38: =WEEK_METRICS!H75 -> 570.75575 | H38: =IF(OR(F38="",G38=""),"",G38-F38) -> -186.35175 | I38: =WEEK_METRICS!I74 -> 10.4642 | J38: =WEEK_METRICS!I75 -> 9.6675176 | K38: =IF(OR(I38="",J38=""),"",J38-I38) -> -0.79668249 | L38: =WEEK_METRICS!J74 -> 48.817151 | M38: =WEEK_METRICS!J75 -> 43.164786 | N38: =IF(OR(L38="",M38=""),"",M38-L38) -> -5.6523646 | O38: =WEEK_METRICS!K74 -> 71.547206 | P38: =WEEK_METRICS!K75 -> 65.487672 | Q38: =IF(OR(O38="",P38=""),"",P38-O38) -> -6.0595335 | R38: =WEEK_METRICS!L74 -> 18 | S38: =WEEK_METRICS!L75 -> 16 | T38: =IF(OR(R38="",S38=""),"",S38-R38) -> -2 | U38: =WEEK_METRICS!F74 -> 136 | V38: =IF(U38>=3,"YES","NO") -> YES
A39: R38 | B39: =WEEK_METRICS!B76 -> CONTROL | C39: =WEEK_METRICS!G76 -> 23.857143 | D39: =WEEK_METRICS!G77 -> 23.857143 | E39: =IF(OR(C39="",D39=""),"",D39-C39) -> 0 | F39: =WEEK_METRICS!H76 -> 791.42778 | G39: =WEEK_METRICS!H77 -> 775.21723 | H39: =IF(OR(F39="",G39=""),"",G39-F39) -> -16.21055 | I39: =WEEK_METRICS!I76 -> 10.379843 | J39: =WEEK_METRICS!I77 -> 10.389769 | K39: =IF(OR(I39="",J39=""),"",J39-I39) -> 0.0099262755 | L39: =WEEK_METRICS!J76 -> 48.180725 | M39: =WEEK_METRICS!J77 -> 48.113336 | N39: =IF(OR(L39="",M39=""),"",M39-L39) -> -0.067388849 | O39: =WEEK_METRICS!K76 -> 71.322953 | P39: =WEEK_METRICS!K77 -> 70.808571 | Q39: =IF(OR(O39="",P39=""),"",P39-O39) -> -0.51438159 | R39: =WEEK_METRICS!L76 -> 19 | S39: =WEEK_METRICS!L77 -> 19 | T39: =IF(OR(R39="",S39=""),"",S39-R39) -> 0 | U39: =WEEK_METRICS!F76 -> 149 | V39: =IF(U39>=3,"YES","NO") -> YES
A40: R39 | B40: =WEEK_METRICS!B78 -> INTERVENTION | C40: =WEEK_METRICS!G78 -> 24.857143 | D40: =WEEK_METRICS!G79 -> 21.857143 | E40: =IF(OR(C40="",D40=""),"",D40-C40) -> -3 | F40: =WEEK_METRICS!H78 -> 821.26733 | G40: =WEEK_METRICS!H79 -> 647.16605 | H40: =IF(OR(F40="",G40=""),"",G40-F40) -> -174.10128 | I40: =WEEK_METRICS!I78 -> 10.449207 | J40: =WEEK_METRICS!I79 -> 9.8914929 | K40: =IF(OR(I40="",J40=""),"",J40-I40) -> -0.55771406 | L40: =WEEK_METRICS!J78 -> 48.810825 | M40: =WEEK_METRICS!J79 -> 43.143315 | N40: =IF(OR(L40="",M40=""),"",M40-L40) -> -5.6675095 | O40: =WEEK_METRICS!K78 -> 71.682897 | P40: =WEEK_METRICS!K79 -> 66.277197 | Q40: =IF(OR(O40="",P40=""),"",P40-O40) -> -5.4056996 | R40: =WEEK_METRICS!L78 -> 20 | S40: =WEEK_METRICS!L79 -> 18 | T40: =IF(OR(R40="",S40=""),"",S40-R40) -> -2 | U40: =WEEK_METRICS!F78 -> 145 | V40: =IF(U40>=3,"YES","NO") -> YES
A41: R40 | B41: =WEEK_METRICS!B80 -> CONTROL | C41: =WEEK_METRICS!G80 -> 25.857143 | D41: =WEEK_METRICS!G81 -> 24.857143 | E41: =IF(OR(C41="",D41=""),"",D41-C41) -> -1 | F41: =WEEK_METRICS!H80 -> 874.36565 | G41: =WEEK_METRICS!H81 -> 804.99894 | H41: =IF(OR(F41="",G41=""),"",G41-F41) -> -69.366714 | I41: =WEEK_METRICS!I80 -> 10.489481 | J41: =WEEK_METRICS!I81 -> 10.291347 | K41: =IF(OR(I41="",J41=""),"",J41-I41) -> -0.19813436 | L41: =WEEK_METRICS!J80 -> 48.878164 | M41: =WEEK_METRICS!J81 -> 47.518726 | N41: =IF(OR(L41="",M41=""),"",M41-L41) -> -1.3594384 | O41: =WEEK_METRICS!K80 -> 72.012949 | P41: =WEEK_METRICS!K81 -> 70.319939 | Q41: =IF(OR(O41="",P41=""),"",P41-O41) -> -1.6930093 | R41: =WEEK_METRICS!L80 -> 16 | S41: =WEEK_METRICS!L81 -> 15 | T41: =IF(OR(R41="",S41=""),"",S41-R41) -> -1 | U41: =WEEK_METRICS!F80 -> 156 | V41: =IF(U41>=3,"YES","NO") -> YES
A42: R41 | B42: =WEEK_METRICS!B82 -> INTERVENTION | C42: =WEEK_METRICS!G82 -> 26.857143 | D42: =WEEK_METRICS!G83 -> 23.857143 | E42: =IF(OR(C42="",D42=""),"",D42-C42) -> -3 | F42: =WEEK_METRICS!H82 -> 875.62711 | G42: =WEEK_METRICS!H83 -> 709.74218 | H42: =IF(OR(F42="",G42=""),"",G42-F42) -> -165.88494 | I42: =WEEK_METRICS!I82 -> 10.319704 | J42: =WEEK_METRICS!I83 -> 9.8085109 | K42: =IF(OR(I42="",J42=""),"",J42-I42) -> -0.51119358 | L42: =WEEK_METRICS!J82 -> 48.532004 | M42: =WEEK_METRICS!J83 -> 43.174307 | N42: =IF(OR(L42="",M42=""),"",M42-L42) -> -5.357697 | O42: =WEEK_METRICS!K82 -> 70.942812 | P42: =WEEK_METRICS!K83 -> 65.726377 | Q42: =IF(OR(O42="",P42=""),"",P42-O42) -> -5.2164357 | R42: =WEEK_METRICS!L82 -> 17 | S42: =WEEK_METRICS!L83 -> 15 | T42: =IF(OR(R42="",S42=""),"",S42-R42) -> -2 | U42: =WEEK_METRICS!F82 -> 160 | V42: =IF(U42>=3,"YES","NO") -> YES
A43: R42 | B43: =WEEK_METRICS!B84 -> CONTROL | C43: =WEEK_METRICS!G84 -> 20.857143 | D43: =WEEK_METRICS!G85 -> 20.857143 | E43: =IF(OR(C43="",D43=""),"",D43-C43) -> 0 | F43: =WEEK_METRICS!H84 -> 684.34355 | G43: =WEEK_METRICS!H85 -> 705.2658 | H43: =IF(OR(F43="",G43=""),"",G43-F43) -> 20.922248 | I43: =WEEK_METRICS!I84 -> 10.284639 | J43: =WEEK_METRICS!I85 -> 10.541 | K43: =IF(OR(I43="",J43=""),"",J43-I43) -> 0.25636081 | L43: =WEEK_METRICS!J84 -> 48.317004 | M43: =WEEK_METRICS!J85 -> 48.995316 | N43: =IF(OR(L43="",M43=""),"",M43-L43) -> 0.67831251 | O43: =WEEK_METRICS!K84 -> 70.839339 | P43: =WEEK_METRICS!K85 -> 72.201406 | Q43: =IF(OR(O43="",P43=""),"",P43-O43) -> 1.3620674 | R43: =WEEK_METRICS!L84 -> 18 | S43: =WEEK_METRICS!L85 -> 18 | T43: =IF(OR(R43="",S43=""),"",S43-R43) -> 0 | U43: =WEEK_METRICS!F84 -> 121 | V43: =IF(U43>=3,"YES","NO") -> YES
A44: R43 | B44: =WEEK_METRICS!B86 -> INTERVENTION | C44: =WEEK_METRICS!G86 -> 21.857143 | D44: =WEEK_METRICS!G87 -> 18.857143 | E44: =IF(OR(C44="",D44=""),"",D44-C44) -> -3 | F44: =WEEK_METRICS!H86 -> 729.71185 | G44: =WEEK_METRICS!H87 -> 560.91638 | H44: =IF(OR(F44="",G44=""),"",G44-F44) -> -168.79546 | I44: =WEEK_METRICS!I86 -> 10.45018 | J44: =WEEK_METRICS!I87 -> 9.7041692 | K44: =IF(OR(I44="",J44=""),"",J44-I44) -> -0.74601068 | L44: =WEEK_METRICS!J86 -> 48.387779 | M44: =WEEK_METRICS!J87 -> 42.938267 | N44: =IF(OR(L44="",M44=""),"",M44-L44) -> -5.4495122 | O44: =WEEK_METRICS!K86 -> 71.361667 | P44: =WEEK_METRICS!K87 -> 66.139138 | Q44: =IF(OR(O44="",P44=""),"",P44-O44) -> -5.2225287 | R44: =WEEK_METRICS!L86 -> 19 | S44: =WEEK_METRICS!L87 -> 17 | T44: =IF(OR(R44="",S44=""),"",S44-R44) -> -2 | U44: =WEEK_METRICS!F86 -> 132 | V44: =IF(U44>=3,"YES","NO") -> YES
A45: R44 | B45: =WEEK_METRICS!B88 -> CONTROL | C45: =WEEK_METRICS!G88 -> 22.857143 | D45: =WEEK_METRICS!G89 -> 22.857143 | E45: =IF(OR(C45="",D45=""),"",D45-C45) -> 0 | F45: =WEEK_METRICS!H88 -> 757.05668 | G45: =WEEK_METRICS!H89 -> 761.78497 | H45: =IF(OR(F45="",G45=""),"",G45-F45) -> 4.7282905 | I45: =WEEK_METRICS!I88 -> 10.389512 | J45: =WEEK_METRICS!I89 -> 10.378937 | K45: =IF(OR(I45="",J45=""),"",J45-I45) -> -0.010575452 | L45: =WEEK_METRICS!J88 -> 47.943717 | M45: =WEEK_METRICS!J89 -> 48.471728 | N45: =IF(OR(L45="",M45=""),"",M45-L45) -> 0.528011 | O45: =WEEK_METRICS!K88 -> 71.056207 | P45: =WEEK_METRICS!K89 -> 71.725347 | Q45: =IF(OR(O45="",P45=""),"",P45-O45) -> 0.66914033 | R45: =WEEK_METRICS!L88 -> 20 | S45: =WEEK_METRICS!L89 -> 20 | T45: =IF(OR(R45="",S45=""),"",S45-R45) -> 0 | U45: =WEEK_METRICS!F88 -> 145 | V45: =IF(U45>=3,"YES","NO") -> YES
A46: R45 | B46: =WEEK_METRICS!B90 -> INTERVENTION | C46: =WEEK_METRICS!G90 -> 23.857143 | D46: =WEEK_METRICS!G91 -> 22.857143 | E46: =IF(OR(C46="",D46=""),"",D46-C46) -> -1 | F46: =WEEK_METRICS!H90 -> 774.97041 | G46: =WEEK_METRICS!H91 -> 690.19385 | H46: =IF(OR(F46="",G46=""),"",G46-F46) -> -84.77656 | I46: =WEEK_METRICS!I90 -> 10.311429 | J46: =WEEK_METRICS!I91 -> 10.05121 | K46: =IF(OR(I46="",J46=""),"",J46-I46) -> -0.26021883 | L46: =WEEK_METRICS!J90 -> 47.842496 | M46: =WEEK_METRICS!J91 -> 45.614227 | N46: =IF(OR(L46="",M46=""),"",M46-L46) -> -2.2282683 | O46: =WEEK_METRICS!K90 -> 70.712552 | P46: =WEEK_METRICS!K91 -> 67.444593 | Q46: =IF(OR(O46="",P46=""),"",P46-O46) -> -3.2679591 | R46: =WEEK_METRICS!L90 -> 16 | S46: =WEEK_METRICS!L91 -> 15 | T46: =IF(OR(R46="",S46=""),"",S46-R46) -> -1 | U46: =WEEK_METRICS!F90 -> 145 | V46: =IF(U46>=3,"YES","NO") -> YES
A47: R46 | B47: =WEEK_METRICS!B92 -> CONTROL | C47: =WEEK_METRICS!G92 -> 24.857143 | D47: =WEEK_METRICS!G93 -> 24.857143 | E47: =IF(OR(C47="",D47=""),"",D47-C47) -> 0 | F47: =WEEK_METRICS!H92 -> 829.18862 | G47: =WEEK_METRICS!H93 -> 813.86118 | H47: =IF(OR(F47="",G47=""),"",G47-F47) -> -15.327438 | I47: =WEEK_METRICS!I92 -> 10.466758 | J47: =WEEK_METRICS!I93 -> 10.331652 | K47: =IF(OR(I47="",J47=""),"",J47-I47) -> -0.13510646 | L47: =WEEK_METRICS!J92 -> 48.82733 | M47: =WEEK_METRICS!J93 -> 48.184858 | N47: =IF(OR(L47="",M47=""),"",M47-L47) -> -0.64247131 | O47: =WEEK_METRICS!K92 -> 71.767703 | P47: =WEEK_METRICS!K93 -> 70.76 | Q47: =IF(OR(O47="",P47=""),"",P47-O47) -> -1.0077027 | R47: =WEEK_METRICS!L92 -> 17 | S47: =WEEK_METRICS!L93 -> 17 | T47: =IF(OR(R47="",S47=""),"",S47-R47) -> 0 | U47: =WEEK_METRICS!F92 -> 148 | V47: =IF(U47>=3,"YES","NO") -> YES
A48: R47 | B48: =WEEK_METRICS!B94 -> INTERVENTION | C48: =WEEK_METRICS!G94 -> 25.857143 | D48: =WEEK_METRICS!G95 -> 22.857143 | E48: =IF(OR(C48="",D48=""),"",D48-C48) -> -3 | F48: =WEEK_METRICS!H94 -> 866.8785 | G48: =WEEK_METRICS!H95 -> 654.85758 | H48: =IF(OR(F48="",G48=""),"",G48-F48) -> -212.02092 | I48: =WEEK_METRICS!I94 -> 10.450817 | J48: =WEEK_METRICS!I95 -> 9.7409265 | K48: =IF(OR(I48="",J48=""),"",J48-I48) -> -0.70989039 | L48: =WEEK_METRICS!J94 -> 48.578138 | M48: =WEEK_METRICS!J95 -> 44.218538 | N48: =IF(OR(L48="",M48=""),"",M48-L48) -> -4.3596003 | O48: =WEEK_METRICS!K94 -> 71.677233 | P48: =WEEK_METRICS!K95 -> 65.711348 | Q48: =IF(OR(O48="",P48=""),"",P48-O48) -> -5.9658852 | R48: =WEEK_METRICS!L94 -> 18 | S48: =WEEK_METRICS!L95 -> 16 | T48: =IF(OR(R48="",S48=""),"",S48-R48) -> -2 | U48: =WEEK_METRICS!F94 -> 159 | V48: =IF(U48>=3,"YES","NO") -> YES
A49: R48 | B49: =WEEK_METRICS!B96 -> CONTROL | C49: =WEEK_METRICS!G96 -> 26.857143 | D49: =WEEK_METRICS!G97 -> 27.857143 | E49: =IF(OR(C49="",D49=""),"",D49-C49) -> 1 | F49: =WEEK_METRICS!H96 -> 883.2299 | G49: =WEEK_METRICS!H97 -> 929.81655 | H49: =IF(OR(F49="",G49=""),"",G49-F49) -> 46.58665 | I49: =WEEK_METRICS!I96 -> 10.419599 | J49: =WEEK_METRICS!I97 -> 10.473292 | K49: =IF(OR(I49="",J49=""),"",J49-I49) -> 0.053693112 | L49: =WEEK_METRICS!J96 -> 49.052246 | M49: =WEEK_METRICS!J97 -> 49.048785 | N49: =IF(OR(L49="",M49=""),"",M49-L49) -> -0.003460933 | O49: =WEEK_METRICS!K96 -> 71.292422 | P49: =WEEK_METRICS!K97 -> 71.883879 | Q49: =IF(OR(O49="",P49=""),"",P49-O49) -> 0.59145643 | R49: =WEEK_METRICS!L96 -> 19 | S49: =WEEK_METRICS!L97 -> 20 | T49: =IF(OR(R49="",S49=""),"",S49-R49) -> 1 | U49: =WEEK_METRICS!F96 -> 161 | V49: =IF(U49>=3,"YES","NO") -> YES
A50: R49 | B50: =WEEK_METRICS!B98 -> INTERVENTION | C50: =WEEK_METRICS!G98 -> 20.857143 | D50: =WEEK_METRICS!G99 -> 20.857143 | E50: =IF(OR(C50="",D50=""),"",D50-C50) -> 0 | F50: =WEEK_METRICS!H98 -> 680.64956 | G50: =WEEK_METRICS!H99 -> 673.50423 | H50: =IF(OR(F50="",G50=""),"",G50-F50) -> -7.1453286 | I50: =WEEK_METRICS!I98 -> 10.313765 | J50: =WEEK_METRICS!I99 -> 10.347273 | K50: =IF(OR(I50="",J50=""),"",J50-I50) -> 0.033507891 | L50: =WEEK_METRICS!J98 -> 48.933845 | M50: =WEEK_METRICS!J99 -> 47.260387 | N50: =IF(OR(L50="",M50=""),"",M50-L50) -> -1.6734576 | O50: =WEEK_METRICS!K98 -> 70.733417 | P50: =WEEK_METRICS!K99 -> 70.606504 | Q50: =IF(OR(O50="",P50=""),"",P50-O50) -> -0.1269126 | R50: =WEEK_METRICS!L98 -> 20 | S50: =WEEK_METRICS!L99 -> 20 | T50: =IF(OR(R50="",S50=""),"",S50-R50) -> 0 | U50: =WEEK_METRICS!F98 -> 120 | V50: =IF(U50>=3,"YES","NO") -> YES
A51: R50 | B51: =WEEK_METRICS!B100 -> CONTROL | C51: =WEEK_METRICS!G100 -> 21.857143 | D51: =WEEK_METRICS!G101 -> 20.857143 | E51: =IF(OR(C51="",D51=""),"",D51-C51) -> -1 | F51: =WEEK_METRICS!H100 -> 719.16138 | G51: =WEEK_METRICS!H101 -> 683.65869 | H51: =IF(OR(F51="",G51=""),"",G51-F51) -> -35.502695 | I51: =WEEK_METRICS!I100 -> 10.390969 | J51: =WEEK_METRICS!I101 -> 10.427826 | K51: =IF(OR(I51="",J51=""),"",J51-I51) -> 0.036856703 | L51: =WEEK_METRICS!J100 -> 48.893716 | M51: =WEEK_METRICS!J101 -> 48.490287 | N51: =IF(OR(L51="",M51=""),"",M51-L51) -> -0.40342831 | O51: =WEEK_METRICS!K100 -> 71.273259 | P51: =WEEK_METRICS!K101 -> 70.895349 | Q51: =IF(OR(O51="",P51=""),"",P51-O51) -> -0.37791042 | R51: =WEEK_METRICS!L100 -> 16 | S51: =WEEK_METRICS!L101 -> 15 | T51: =IF(OR(R51="",S51=""),"",S51-R51) -> -1 | U51: =WEEK_METRICS!F100 -> 135 | V51: =IF(U51>=3,"YES","NO") -> YES

Sheet RQ2_CHANGE_TESTS
A1: outcome | B1: intervention_helper_col_label | C1: control_helper_col_label | D1: n_intervention | E1: n_control | F1: mean_change_intervention | G1: mean_change_control | H1: between_group_diff | I1: welch_t | J1: welch_df | K1: p_two_tail | L1: p_rank | M1: holm_raw | N1: holm_adjusted | O1: cohens_d | P1: ci95_low | Q1: ci95_high | R1: note | T1: Sheet note
A2: Mean sessions/day | B2: Text reference: RQ2_GROUP_DATA column A | C2: Text reference: RQ2_GROUP_DATA column B | D2: =COUNT(RQ2_GROUP_DATA!$A$2:$A$26) -> 25 | E2: =COUNT(RQ2_GROUP_DATA!$B$2:$B$26) -> 25 | F2: =AVERAGE(RQ2_GROUP_DATA!$A$2:$A$26) -> -1.0971429 | G2: =AVERAGE(RQ2_GROUP_DATA!$B$2:$B$26) -> 0.011428571 | H2: =F2-G2 -> -1.1085714 | I2: =(F2-G2)/SQRT(VAR(RQ2_GROUP_DATA!$A$2:$A$26)/D2+VAR(RQ2_GROUP_DATA!$B$2:$B$26)/E2) -> -2.9002912 | J2: =(VAR(RQ2_GROUP_DATA!$A$2:$A$26)/D2+VAR(RQ2_GROUP_DATA!$B$2:$B$26)/E2)^2/((VAR(RQ2_GROUP_DATA!$A$2:$A$26)/D2)^2/(D2-1)+(VAR(RQ2_GROUP_DATA!$B$2:$B$26)/E2)^2/(E2-1)) -> 29.727019 | K2: =TTEST(RQ2_GROUP_DATA!$A$2:$A$26,RQ2_GROUP_DATA!$B$2:$B$26,2,3) -> 0.0069484649 | L2: =RANK(K2,$K$2:$K$7,1) -> 6 | M2: =(COUNT($K$2:$K$7)-L2+1)*K2 -> 0.0069484649 | N2: =MIN(1,MAX($M$2:M2)) -> 0.0069484649 | O2: =(F2-G2)/SQRT(((D2-1)*VAR(RQ2_GROUP_DATA!$A$2:$A$26)+(E2-1)*VAR(RQ2_GROUP_DATA!$B$2:$B$26))/(D2+E2-2)) -> -0.82032623 | P2: =H2-TINV(0.05,J2)*SQRT(VAR(RQ2_GROUP_DATA!$A$2:$A$26)/D2+VAR(RQ2_GROUP_DATA!$B$2:$B$26)/E2) -> -1.8903147 | Q2: =H2+TINV(0.05,J2)*SQRT(VAR(RQ2_GROUP_DATA!$A$2:$A$26)/D2+VAR(RQ2_GROUP_DATA!$B$2:$B$26)/E2) -> -0.32682815 | R2: Supplementary | T2: Welch reference computations only; PDF reports assumption-selected final tests in RQ2_FINAL_TESTS_PDF_ALIGNED.
A3: Mean daily duration (min) | B3: Text reference: RQ2_GROUP_DATA column C | C3: Text reference: RQ2_GROUP_DATA column D | D3: =COUNT(RQ2_GROUP_DATA!$C$2:$C$26) -> 25 | E3: =COUNT(RQ2_GROUP_DATA!$D$2:$D$26) -> 25 | F3: =AVERAGE(RQ2_GROUP_DATA!$C$2:$C$26) -> -64.812925 | G3: =AVERAGE(RQ2_GROUP_DATA!$D$2:$D$26) -> 0.43867114 | H3: =F3-G3 -> -65.251596 | I3: =(F3-G3)/SQRT(VAR(RQ2_GROUP_DATA!$C$2:$C$26)/D3+VAR(RQ2_GROUP_DATA!$D$2:$D$26)/E3) -> -4.1688427 | J3: =(VAR(RQ2_GROUP_DATA!$C$2:$C$26)/D3+VAR(RQ2_GROUP_DATA!$D$2:$D$26)/E3)^2/((VAR(RQ2_GROUP_DATA!$C$2:$C$26)/D3)^2/(D3-1)+(VAR(RQ2_GROUP_DATA!$D$2:$D$26)/E3)^2/(E3-1)) -> 30.275246 | K3: =TTEST(RQ2_GROUP_DATA!$C$2:$C$26,RQ2_GROUP_DATA!$D$2:$D$26,2,3) -> 0.00023630003 | L3: =RANK(K3,$K$2:$K$7,1) -> 5 | M3: =(COUNT($K$2:$K$7)-L3+1)*K3 -> 0.00047260006 | N3: =MIN(1,MAX($M$2:M3)) -> 0.0069484649 | O3: =(F3-G3)/SQRT(((D3-1)*VAR(RQ2_GROUP_DATA!$C$2:$C$26)+(E3-1)*VAR(RQ2_GROUP_DATA!$D$2:$D$26))/(D3+E3-2)) -> -1.1791268 | P3: =H3-TINV(0.05,J3)*SQRT(VAR(RQ2_GROUP_DATA!$C$2:$C$26)/D3+VAR(RQ2_GROUP_DATA!$D$2:$D$26)/E3) -> -97.21767 | Q3: =H3+TINV(0.05,J3)*SQRT(VAR(RQ2_GROUP_DATA!$C$2:$C$26)/D3+VAR(RQ2_GROUP_DATA!$D$2:$D$26)/E3) -> -33.285521 | R3: Primary RQ2
A4: Mean dwell time (sec) | B4: Text reference: RQ2_GROUP_DATA column E | C4: Text reference: RQ2_GROUP_DATA column F | D4: =COUNT(RQ2_GROUP_DATA!$E$2:$E$26) -> 25 | E4: =COUNT(RQ2_GROUP_DATA!$F$2:$F$26) -> 25 | F4: =AVERAGE(RQ2_GROUP_DATA!$E$2:$E$26) -> -0.42851268 | G4: =AVERAGE(RQ2_GROUP_DATA!$F$2:$F$26) -> 0.0062512618 | H4: =F4-G4 -> -0.43476394 | I4: =(F4-G4)/SQRT(VAR(RQ2_GROUP_DATA!$E$2:$E$26)/D4+VAR(RQ2_GROUP_DATA!$F$2:$F$26)/E4) -> -4.70506 | J4: =(VAR(RQ2_GROUP_DATA!$E$2:$E$26)/D4+VAR(RQ2_GROUP_DATA!$F$2:$F$26)/E4)^2/((VAR(RQ2_GROUP_DATA!$E$2:$E$26)/D4)^2/(D4-1)+(VAR(RQ2_GROUP_DATA!$F$2:$F$26)/E4)^2/(E4-1)) -> 39.906458 | K4: =TTEST(RQ2_GROUP_DATA!$E$2:$E$26,RQ2_GROUP_DATA!$F$2:$F$26,2,3) -> 3.0285527e-05 | L4: =RANK(K4,$K$2:$K$7,1) -> 4 | M4: =(COUNT($K$2:$K$7)-L4+1)*K4 -> 9.085658e-05 | N4: =MIN(1,MAX($M$2:M4)) -> 0.0069484649 | O4: =(F4-G4)/SQRT(((D4-1)*VAR(RQ2_GROUP_DATA!$E$2:$E$26)+(E4-1)*VAR(RQ2_GROUP_DATA!$F$2:$F$26))/(D4+E4-2)) -> -1.3307919 | P4: =H4-TINV(0.05,J4)*SQRT(VAR(RQ2_GROUP_DATA!$E$2:$E$26)/D4+VAR(RQ2_GROUP_DATA!$F$2:$F$26)/E4) -> -0.62166763 | Q4: =H4+TINV(0.05,J4)*SQRT(VAR(RQ2_GROUP_DATA!$E$2:$E$26)/D4+VAR(RQ2_GROUP_DATA!$F$2:$F$26)/E4) -> -0.24786025 | R4: Primary RQ2 | T4: How to read it: p < .05 indicates statistical significance, but results are exploratory pilot-scale evidence.
A5: Mean NSD (%) | B5: Text reference: RQ2_GROUP_DATA column G | C5: Text reference: RQ2_GROUP_DATA column H | D5: =COUNT(RQ2_GROUP_DATA!$G$2:$G$26) -> 23 | E5: =COUNT(RQ2_GROUP_DATA!$H$2:$H$26) -> 25 | F5: =AVERAGE(RQ2_GROUP_DATA!$G$2:$G$26) -> -3.3275102 | G5: =AVERAGE(RQ2_GROUP_DATA!$H$2:$H$26) -> 0.20212499 | H5: =F5-G5 -> -3.5296352 | I5: =(F5-G5)/SQRT(VAR(RQ2_GROUP_DATA!$G$2:$G$26)/D5+VAR(RQ2_GROUP_DATA!$H$2:$H$26)/E5) -> -6.1094618 | J5: =(VAR(RQ2_GROUP_DATA!$G$2:$G$26)/D5+VAR(RQ2_GROUP_DATA!$H$2:$H$26)/E5)^2/((VAR(RQ2_GROUP_DATA!$G$2:$G$26)/D5)^2/(D5-1)+(VAR(RQ2_GROUP_DATA!$H$2:$H$26)/E5)^2/(E5-1)) -> 27.625278 | K5: =TTEST(RQ2_GROUP_DATA!$G$2:$G$26,RQ2_GROUP_DATA!$H$2:$H$26,2,3) -> 1.4422395e-06 | L5: =RANK(K5,$K$2:$K$7,1) -> 2 | M5: =(COUNT($K$2:$K$7)-L5+1)*K5 -> 7.2111975e-06 | N5: =MIN(1,MAX($M$2:M5)) -> 0.0069484649 | O5: =(F5-G5)/SQRT(((D5-1)*VAR(RQ2_GROUP_DATA!$G$2:$G$26)+(E5-1)*VAR(RQ2_GROUP_DATA!$H$2:$H$26))/(D5+E5-2)) -> -1.8228139 | P5: =H5-TINV(0.05,J5)*SQRT(VAR(RQ2_GROUP_DATA!$G$2:$G$26)/D5+VAR(RQ2_GROUP_DATA!$H$2:$H$26)/E5) -> -4.7150446 | Q5: =H5+TINV(0.05,J5)*SQRT(VAR(RQ2_GROUP_DATA!$G$2:$G$26)/D5+VAR(RQ2_GROUP_DATA!$H$2:$H$26)/E5) -> -2.3442258 | R5: Primary RQ2 reliable-session outcome
A6: DSI | B6: Text reference: RQ2_GROUP_DATA column I | C6: Text reference: RQ2_GROUP_DATA column J | D6: =COUNT(RQ2_GROUP_DATA!$I$2:$I$26) -> 23 | E6: =COUNT(RQ2_GROUP_DATA!$J$2:$J$26) -> 25 | F6: =AVERAGE(RQ2_GROUP_DATA!$I$2:$I$26) -> -3.4307105 | G6: =AVERAGE(RQ2_GROUP_DATA!$J$2:$J$26) -> 0.14910481 | H6: =F6-G6 -> -3.5798153 | I6: =(F6-G6)/SQRT(VAR(RQ2_GROUP_DATA!$I$2:$I$26)/D6+VAR(RQ2_GROUP_DATA!$J$2:$J$26)/E6) -> -6.1909554 | J6: =(VAR(RQ2_GROUP_DATA!$I$2:$I$26)/D6+VAR(RQ2_GROUP_DATA!$J$2:$J$26)/E6)^2/((VAR(RQ2_GROUP_DATA!$I$2:$I$26)/D6)^2/(D6-1)+(VAR(RQ2_GROUP_DATA!$J$2:$J$26)/E6)^2/(E6-1)) -> 30.277704 | K6: =TTEST(RQ2_GROUP_DATA!$I$2:$I$26,RQ2_GROUP_DATA!$J$2:$J$26,2,3) -> 7.8751234e-07 | L6: =RANK(K6,$K$2:$K$7,1) -> 1 | M6: =(COUNT($K$2:$K$7)-L6+1)*K6 -> 4.725074e-06 | N6: =MIN(1,MAX($M$2:M6)) -> 0.0069484649 | O6: =(F6-G6)/SQRT(((D6-1)*VAR(RQ2_GROUP_DATA!$I$2:$I$26)+(E6-1)*VAR(RQ2_GROUP_DATA!$J$2:$J$26))/(D6+E6-2)) -> -1.8392104 | P6: =H6-TINV(0.05,J6)*SQRT(VAR(RQ2_GROUP_DATA!$I$2:$I$26)/D6+VAR(RQ2_GROUP_DATA!$J$2:$J$26)/E6) -> -4.7607249 | Q6: =H6+TINV(0.05,J6)*SQRT(VAR(RQ2_GROUP_DATA!$I$2:$I$26)/D6+VAR(RQ2_GROUP_DATA!$J$2:$J$26)/E6) -> -2.3989058 | R6: Supplementary risk-score summary
A7: Doomscrolling Scale score | B7: Text reference: RQ2_GROUP_DATA column K | C7: Text reference: RQ2_GROUP_DATA column L | D7: =COUNT(RQ2_GROUP_DATA!$K$2:$K$26) -> 25 | E7: =COUNT(RQ2_GROUP_DATA!$L$2:$L$26) -> 25 | F7: =AVERAGE(RQ2_GROUP_DATA!$K$2:$K$26) -> -1.28 | G7: =AVERAGE(RQ2_GROUP_DATA!$L$2:$L$26) -> 0 | H7: =F7-G7 -> -1.28 | I7: =(F7-G7)/SQRT(VAR(RQ2_GROUP_DATA!$K$2:$K$26)/D7+VAR(RQ2_GROUP_DATA!$L$2:$L$26)/E7) -> -5.2966777 | J7: =(VAR(RQ2_GROUP_DATA!$K$2:$K$26)/D7+VAR(RQ2_GROUP_DATA!$L$2:$L$26)/E7)^2/((VAR(RQ2_GROUP_DATA!$K$2:$K$26)/D7)^2/(D7-1)+(VAR(RQ2_GROUP_DATA!$L$2:$L$26)/E7)^2/(E7-1)) -> 40.532563 | K7: =TTEST(RQ2_GROUP_DATA!$K$2:$K$26,RQ2_GROUP_DATA!$L$2:$L$26,2,3) -> 4.4272306e-06 | L7: =RANK(K7,$K$2:$K$7,1) -> 3 | M7: =(COUNT($K$2:$K$7)-L7+1)*K7 -> 1.7708922e-05 | N7: =MIN(1,MAX($M$2:M7)) -> 0.0069484649 | O7: =(F7-G7)/SQRT(((D7-1)*VAR(RQ2_GROUP_DATA!$K$2:$K$26)+(E7-1)*VAR(RQ2_GROUP_DATA!$L$2:$L$26))/(D7+E7-2)) -> -1.4981267 | P7: =H7-TINV(0.05,J7)*SQRT(VAR(RQ2_GROUP_DATA!$K$2:$K$26)/D7+VAR(RQ2_GROUP_DATA!$L$2:$L$26)/E7) -> -1.7684149 | Q7: =H7+TINV(0.05,J7)*SQRT(VAR(RQ2_GROUP_DATA!$K$2:$K$26)/D7+VAR(RQ2_GROUP_DATA!$L$2:$L$26)/E7) -> -0.79158506 | R7: Primary RQ2 self-report

Sheet RQ2_PAIRED_INTERVENTION
A1: outcome | B1: change_score_source_col_label | C1: n | D1: week1_mean | E1: week2_mean | F1: mean_diff | G1: sd_diff | H1: paired_t | I1: df | J1: p_two_tail | K1: cohens_dz | M1: Sheet note
A2: Mean sessions/day | B2: Text reference: CHANGE_SCORES column E | C2: =COUNT(RQ2_GROUP_DATA!$A$2:$A$26) -> 25 | D2: =AVERAGEIF(CHANGE_SCORES!$B$2:$B$51,"INTERVENTION",CHANGE_SCORES!$C$2:$C$51) -> 14.32 | E2: =AVERAGEIF(CHANGE_SCORES!$B$2:$B$51,"INTERVENTION",CHANGE_SCORES!$D$2:$D$51) -> 13.222857 | F2: =AVERAGE(RQ2_GROUP_DATA!$A$2:$A$26) -> -1.0971429 | G2: =STDEV(RQ2_GROUP_DATA!$A$2:$A$26) -> 1.8050006 | H2: =F2/(G2/SQRT(C2)) -> -3.0391759 | I2: =C2-1 -> 24 | J2: =TDIST(ABS(H2),I2,2) -> 0.0056531191 | K2: =F2/G2 -> -0.60783517 | M2: Paired t-test formula reference only; PDF reports Wilcoxon fallback for NSD and Doomscrolling in RQ2_FINAL_TESTS_PDF_ALIGNED.
A3: Mean daily duration (min) | B3: Text reference: CHANGE_SCORES column H | C3: =COUNT(RQ2_GROUP_DATA!$C$2:$C$26) -> 25 | D3: =AVERAGEIF(CHANGE_SCORES!$B$2:$B$51,"INTERVENTION",CHANGE_SCORES!$F$2:$F$51) -> 379.24671 | E3: =AVERAGEIF(CHANGE_SCORES!$B$2:$B$51,"INTERVENTION",CHANGE_SCORES!$G$2:$G$51) -> 314.43378 | F3: =AVERAGE(RQ2_GROUP_DATA!$C$2:$C$26) -> -64.812925 | G3: =STDEV(RQ2_GROUP_DATA!$C$2:$C$26) -> 73.522688 | H3: =F3/(G3/SQRT(C3)) -> -4.4076819 | I3: =C3-1 -> 24 | J3: =TDIST(ABS(H3),I3,2) -> 0.00018731527 | K3: =F3/G3 -> -0.88153638
A4: Mean dwell time (sec) | B4: Text reference: CHANGE_SCORES column K | C4: =COUNT(RQ2_GROUP_DATA!$E$2:$E$26) -> 25 | D4: =AVERAGEIF(CHANGE_SCORES!$B$2:$B$51,"INTERVENTION",CHANGE_SCORES!$I$2:$I$51) -> 8.8873221 | E4: =AVERAGEIF(CHANGE_SCORES!$B$2:$B$51,"INTERVENTION",CHANGE_SCORES!$J$2:$J$51) -> 8.4588094 | F4: =AVERAGE(RQ2_GROUP_DATA!$E$2:$E$26) -> -0.42851268 | G4: =STDEV(RQ2_GROUP_DATA!$E$2:$E$26) -> 0.39344079 | H4: =F4/(G4/SQRT(C4)) -> -5.4457073 | I4: =C4-1 -> 24 | J4: =TDIST(ABS(H4),I4,2) -> 1.3506526e-05 | K4: =F4/G4 -> -1.0891415 | M4: How to read it: Secondary evidence comparing intervention participants across Week 1 and Week 2.
A5: Mean NSD (%) | B5: Text reference: CHANGE_SCORES column N | C5: =COUNT(RQ2_GROUP_DATA!$G$2:$G$26) -> 23 | D5: =AVERAGEIF(CHANGE_SCORES!$B$2:$B$51,"INTERVENTION",CHANGE_SCORES!$L$2:$L$51) -> 41.537479 | E5: =AVERAGEIF(CHANGE_SCORES!$B$2:$B$51,"INTERVENTION",CHANGE_SCORES!$M$2:$M$51) -> 37.363485 | F5: =AVERAGE(RQ2_GROUP_DATA!$G$2:$G$26) -> -3.3275102 | G5: =STDEV(RQ2_GROUP_DATA!$G$2:$G$26) -> 2.6074945 | H5: =F5/(G5/SQRT(C5)) -> -6.1201196 | I5: =C5-1 -> 22 | J5: =TDIST(ABS(H5),I5,2) -> 3.6859484e-06 | K5: =F5/G5 -> -1.2761332
A6: DSI | B6: Text reference: CHANGE_SCORES column Q | C6: =COUNT(RQ2_GROUP_DATA!$I$2:$I$26) -> 23 | D6: =AVERAGEIF(CHANGE_SCORES!$B$2:$B$51,"INTERVENTION",CHANGE_SCORES!$O$2:$O$51) -> 60.807148 | E6: =AVERAGEIF(CHANGE_SCORES!$B$2:$B$51,"INTERVENTION",CHANGE_SCORES!$P$2:$P$51) -> 56.26578 | F6: =AVERAGE(RQ2_GROUP_DATA!$I$2:$I$26) -> -3.4307105 | G6: =STDEV(RQ2_GROUP_DATA!$I$2:$I$26) -> 2.5389047 | H6: =F6/(G6/SQRT(C6)) -> -6.4803967 | I6: =C6-1 -> 22 | J6: =TDIST(ABS(H6),I6,2) -> 1.611473e-06 | K6: =F6/G6 -> -1.3512561
A7: Doomscrolling Scale score | B7: Text reference: CHANGE_SCORES column T | C7: =COUNT(RQ2_GROUP_DATA!$K$2:$K$26) -> 25 | D7: =AVERAGEIF(CHANGE_SCORES!$B$2:$B$51,"INTERVENTION",CHANGE_SCORES!$R$2:$R$51) -> 15.24 | E7: =AVERAGEIF(CHANGE_SCORES!$B$2:$B$51,"INTERVENTION",CHANGE_SCORES!$S$2:$S$51) -> 13.96 | F7: =AVERAGE(RQ2_GROUP_DATA!$K$2:$K$26) -> -1.28 | G7: =STDEV(RQ2_GROUP_DATA!$K$2:$K$26) -> 1.0214369 | H7: =F7/(G7/SQRT(C7)) -> -6.2656832 | I7: =C7-1 -> 24 | J7: =TDIST(ABS(H7),I7,2) -> 1.7794177e-06 | K7: =F7/G7 -> -1.2531366

Sheet RQ2_FINAL_TESTS_PDF_ALIGNED
A1: RQ2 Final Tests - PDF Aligned Reporting Values
A2: Final assumption-selected RQ2 results from Statistician_Validation_Package.pdf. These are static PDF-computed/statistician-validation values. Use RQ2_CHANGE_TESTS and RQ2_PAIRED_INTERVENTION for Excel formula audit/reference only.
A5: Primary Behavioral Comparisons - Between Groups
A6: Outcome | B6: n (I/C) | C6: Final test | D6: Statistic | E6: p / Holm | F6: Effect size | G6: 95% CI | H6: Direction / note
A7: Session duration (min) | B7: 25 / 25 | C7: Welch t-test | D7: t = -4.17 | E7: < .001 | F7: d = -1.18 | G7: [-1.78, -0.58] | H7: Favors intervention; duration was normal with unequal variances.
A8: Video dwell time (s) | B8: 25 / 25 | C8: Mann-Whitney U | D8: U = 124.0 | E8: < .001 | F8: d = -1.33 | G8: [-1.94, -0.72] | H8: Favors intervention; non-normal change scores.
A9: NSD (%) | B9: 23 / 25 | C9: Mann-Whitney U | D9: U = 68.0 | E9: < .001 | F9: d = -1.82 | G9: [-2.50, -1.15] | H9: Favors intervention; excludes two zero-coverage intervention participants.
A10: Doomscrolling Scale | B10: 25 / 25 | C10: Mann-Whitney U | D10: U = 105.0 | E10: < .001 | F10: d = -1.50 | G10: [-2.13, -0.87] | H10: Favors intervention; non-normal change scores.
A12: Supplementary Outcomes
A13: Outcome | B13: n (I/C) | C13: Final test | D13: Statistic | E13: p | F13: Effect size | G13: 95% CI | H13: Note
A14: Mean sessions/day | B14: 25 / 25 | C14: Mann-Whitney U | D14: U = 153.5 | E14: .002 | F14: d = -0.82 | G14: [-1.40, -0.24] | H14: Supplementary; not part of Holm family of four primary outcomes.
A15: DSI (composite risk) | B15: 23 / 25 | C15: Mann-Whitney U | D15: U = 81.0 | E15: < .001 | F15: d = -1.84 | G15: [-2.52, -1.16] | H15: Supplementary; not part of Holm family of four primary outcomes.
A17: Within-Intervention Paired Comparisons
A18: Outcome | B18: n | C18: Final test | D18: Statistic | E18: p | F18: Effect size | G18: 95% CI | H18: Note
A19: Session duration (min) | B19: 25 | C19: Paired t-test | D19: t = -4.41 | E19: < .001 | F19: d_z = -0.88 | G19: [-1.34, -0.42] | H19: Favors reduction within intervention.
A20: Video dwell time (s) | B20: 25 | C20: Paired t-test | D20: t = -5.45 | E20: < .001 | F20: d_z = -1.09 | G20: [-1.58, -0.59] | H20: Favors reduction within intervention.
A21: NSD (%) | B21: 23 | C21: Wilcoxon signed-rank | D21: W = 16.0 | E21: < .001 | F21: d_z = -1.28 | G21: [-1.83, -0.73] | H21: Non-normal differences; effective n = 23.
A22: Doomscrolling Scale | B22: 25 | C22: Wilcoxon signed-rank | D22: W = 7.0 | E22: < .001 | F22: d_z = -1.25 | G22: [-1.78, -0.73] | H22: Non-normal differences.
A24: Cross-Reference to Workbook Welch Values
A25: Outcome | B25: Workbook Welch p-value from PDF | C25: Conclusion agreement
A26: Session duration | B26: .00024 | C26: Matches final conclusion.
A27: Video dwell time | B27: .00003 | C27: Matches final conclusion.
A28: NSD | B28: .0000014 | C28: Matches final conclusion.
A29: Doomscrolling Scale | B29: .0000044 | C29: Matches final conclusion.

Sheet RQ3_CORRELATION
A1: predictor | B1: value_range_label | C1: rank_range_label | D1: n_effective | E1: pearson_r | F1: pearson_t | G1: pearson_p | H1: spearman_rho | I1: spearman_t | J1: spearman_p | K1: criterion | M1: Audit note
A2: Week 1 mean daily duration | B2: Text reference: RQ3_DATA!$C$2:$C$51 | C2: Text reference: RQ3_DATA!$H$2:$H$51 | D2: =COUNT(RQ3_DATA!$C$2:$C$51) -> 48 | E2: =CORREL(RQ3_DATA!$C$2:$C$51,RQ3_DATA!$G$2:$G$51) -> 0.82047837 | F2: =E2*SQRT((D2-2)/(1-E2^2)) -> 9.7340797 | G2: =TDIST(ABS(F2),D2-2,2) -> 9.5234809e-13 | H2: =CORREL(RQ3_DATA!$H$2:$H$51,RQ3_DATA!$L$2:$L$51) -> 0.92258469 | I2: =H2*SQRT((D2-2)/(1-H2^2)) -> 16.219184 | J2: =TDIST(ABS(I2),D2-2,2) -> 1.1857957e-20 | K2: Week 1 Doomscrolling Scale | M2: Columns B:C are text reference labels only. Do not add = to them; actual formulas are in D:J.
A3: Week 1 mean dwell | B3: Text reference: RQ3_DATA!$D$2:$D$51 | C3: Text reference: RQ3_DATA!$I$2:$I$51 | D3: =COUNT(RQ3_DATA!$D$2:$D$51) -> 48 | E3: =CORREL(RQ3_DATA!$D$2:$D$51,RQ3_DATA!$G$2:$G$51) -> 0.81613223 | F3: =E3*SQRT((D3-2)/(1-E3^2)) -> 9.5788399 | G3: =TDIST(ABS(F3),D3-2,2) -> 1.5704812e-12 | H3: =CORREL(RQ3_DATA!$I$2:$I$51,RQ3_DATA!$L$2:$L$51) -> 0.75122096 | I3: =H3*SQRT((D3-2)/(1-H3^2)) -> 7.7191458 | J3: =TDIST(ABS(I3),D3-2,2) -> 7.6958583e-10 | K3: Week 1 Doomscrolling Scale
A4: Week 1 mean NSD | B4: Text reference: RQ3_DATA!$E$2:$E$51 | C4: Text reference: RQ3_DATA!$J$2:$J$51 | D4: =COUNT(RQ3_DATA!$E$2:$E$51) -> 48 | E4: =CORREL(RQ3_DATA!$E$2:$E$51,RQ3_DATA!$G$2:$G$51) -> 0.82851872 | F4: =E4*SQRT((D4-2)/(1-E4^2)) -> 10.035134 | G4: =TDIST(ABS(F4),D4-2,2) -> 3.6402103e-13 | H4: =CORREL(RQ3_DATA!$J$2:$J$51,RQ3_DATA!$L$2:$L$51) -> 0.75658291 | I4: =H4*SQRT((D4-2)/(1-H4^2)) -> 7.8473964 | J4: =TDIST(ABS(I4),D4-2,2) -> 4.9690537e-10 | K4: Week 1 Doomscrolling Scale | M4: How to read it: Use Pearson/Spearman results as estimator-plausibility evidence, not diagnostic validation.
A5: Week 1 DSI | B5: Text reference: RQ3_DATA!$F$2:$F$51 | C5: Text reference: RQ3_DATA!$K$2:$K$51 | D5: =COUNT(RQ3_DATA!$F$2:$F$51) -> 48 | E5: =CORREL(RQ3_DATA!$F$2:$F$51,RQ3_DATA!$G$2:$G$51) -> 0.82474855 | F5: =E5*SQRT((D5-2)/(1-E5^2)) -> 9.8916365 | G5: =TDIST(ABS(F5),D5-2,2) -> 5.7492061e-13 | H5: =CORREL(RQ3_DATA!$K$2:$K$51,RQ3_DATA!$L$2:$L$51) -> 0.75592635 | I5: =H5*SQRT((D5-2)/(1-H5^2)) -> 7.8314973 | J5: =TDIST(ABS(I5),D5-2,2) -> 5.2456244e-10 | K5: Week 1 Doomscrolling Scale

Sheet PROMPT_SUMMARY
A1: Prompt action | B1: count | C1: percentage | H1: What this sheet is for
A2: SHOWN | B2: =COUNTIF(prompt_events.csv!$F$2:$F$371,A2) -> 68 | C2: =IF(SUM($B$2:$B$7)=0,"",B2/SUM($B$2:$B$7)) -> 0.18378378 | H2: Counts and percentages of prompt events/actions.
A3: SUPPRESSED | B3: =COUNTIF(prompt_events.csv!$F$2:$F$371,A3) -> 49 | C3: =IF(SUM($B$2:$B$7)=0,"",B3/SUM($B$2:$B$7)) -> 0.13243243
A4: DISMISSED | B4: =COUNTIF(prompt_events.csv!$F$2:$F$371,A4) -> 17 | C4: =IF(SUM($B$2:$B$7)=0,"",B4/SUM($B$2:$B$7)) -> 0.045945946 | H4: How to read it: Descriptive evidence of interaction with the intervention prompts.
A5: CONTINUE | B5: =COUNTIF(prompt_events.csv!$F$2:$F$371,A5) -> 45 | C5: =IF(SUM($B$2:$B$7)=0,"",B5/SUM($B$2:$B$7)) -> 0.12162162
A6: TAKE_BREAK | B6: =COUNTIF(prompt_events.csv!$F$2:$F$371,A6) -> 191 | C6: =IF(SUM($B$2:$B$7)=0,"",B6/SUM($B$2:$B$7)) -> 0.51621622
A7: VIEW_DASHBOARD | B7: =COUNTIF(prompt_events.csv!$F$2:$F$371,A7) -> 0 | C7: =IF(SUM($B$2:$B$7)=0,"",B7/SUM($B$2:$B$7)) -> 0

Sheet DATA_QUALITY_SUMMARY
A1: category | B1: count | C1: percentage | H1: What this sheet is for
A2: session_reliability:RELIABLE | B2: =COUNTIF(sessions.csv!$N$2:$N$10135,"RELIABLE") -> 8817 | C2: =B2/SUM($B$2:$B$3) -> 0.87004144 | H2: Reliability and extraction-quality checks.
A3: session_reliability:SENTIMENT_UNRELIABLE | B3: =COUNTIF(sessions.csv!$N$2:$N$10135,"SENTIMENT_UNRELIABLE") -> 1317 | C3: =B3/SUM($B$2:$B$3) -> 0.12995856
A4: event_type:HIGH_OOV | B4: =COUNTIF('reliability_events.csv'!$D$2:$D$1330,"HIGH_OOV") -> 924 | C4: =B4/COUNTA('reliability_events.csv'!$D$2:$D$1330) -> 0.69525959 | H4: How to read it: Use to report reliable versus sentiment-unreliable sessions and reliability event rates.
A5: event_type:VLM_UNRESOLVED | B5: =COUNTIF('reliability_events.csv'!$D$2:$D$1330,"VLM_UNRESOLVED") -> 241 | C5: =B5/COUNTA('reliability_events.csv'!$D$2:$D$1330) -> 0.18133935
A6: event_type:EXTRACTION_FAILURE | B6: =COUNTIF('reliability_events.csv'!$D$2:$D$1330,"EXTRACTION_FAILURE") -> 152 | C6: =B6/COUNTA('reliability_events.csv'!$D$2:$D$1330) -> 0.11437171

Sheet FORMULA_NOTES
A1: Formula Notes and Computation Dictionary
A2: This sheet explains workbook computations. Actual Excel formulas remain in analysis sheets. PDF-aligned final nonparametric test values are documented in RQ2_FINAL_TESTS_PDF_ALIGNED.
A5: Formula Audit Rules
A6: Type | B6: How to identify it | C6: Statistician action
A7: Actual formula | B7: Any cell beginning with =. | C7: Review the formula bar or use Show Formulas.
A8: Text reference label | B8: Sheet/range text without =, often prefixed with Text reference:. | C8: Do not add =; Excel may produce spill behavior because the text names a range.
A9: PDF-computed result | B9: Static value copied from the statistician validation PDF. | C9: Use as final reporting reference when Excel lacks native safe formulas for the selected test.
A10: Scalar formulas only | B10: Formulas use Excel-compatible scalar functions. | C10: No FILTER, UNIQUE, SEQUENCE, VSTACK, XLOOKUP, LET, or @ formulas are intended.
A12: Computation Dictionary
A13: Computation | B13: Formula / logic | C13: Where used | D13: How to interpret
A14: Survey construct mean | B14: AVERAGE(item responses or participant construct scores) | C14: SURVEY_SCORES, SURVEY_ANALYSIS | D14: Used for ISO/TAM Likert constructs; favorable if mean >= 3.50.
A15: Standard deviation | B15: STDEV(sample range) | C15: SURVEY_ANALYSIS | D15: Descriptive variability.
A16: SUS scoring | B16: Odd items: response - 1; even items: 5 - response; total * 2.5 | C16: SURVEY_SCORES, Usability(SUS) | D16: Final score 0-100; favorable target >= 70.
A17: Cronbach alpha | B17: k/(k-1) * (1 - SUM(item variances)/total score variance) | C17: SURVEY_ANALYSIS | D17: Internal consistency; alpha >= 0.70 benchmark.
A18: Doomscrolling Scale | B18: ds_q1 + ds_q2 + ds_q10 + ds_q12 | C18: doomscrolling_scale.csv, WEEK_METRICS | D18: Four-item past-week self-report score.
A19: DSI | B19: Mean RiskScore across sentiment-reliable sessions when reliable_sessions >= 3 | C19: WEEK_METRICS | D19: Week-level analytic index; not a diagnosis.
A20: Change score | B20: Week 2 value - Week 1 value | C20: CHANGE_SCORES | D20: Primary RQ2 input.
A21: Welch reference p-value | B21: TTEST(intervention_change, control_change, 2, 3) | C21: RQ2_CHANGE_TESTS | D21: Formula audit/reference route.
A22: PDF-aligned final tests | B22: Welch, Mann-Whitney U, paired t-test, or Wilcoxon as selected after assumption checks | C22: RQ2_FINAL_TESTS_PDF_ALIGNED | D22: Final reporting/reference layer from PDF.
A23: Pearson correlation | B23: CORREL(metric, Doomscrolling Scale) | C23: RQ3_CORRELATION | D23: Baseline linear association.
A24: Spearman rho | B24: CORREL(rank(metric), rank(Doomscrolling Scale)) | C24: RQ3_CORRELATION | D24: Rank-based association.
A25: Holm correction | B25: Sequential adjusted p-values across four primary RQ2 outcomes | C25: RQ2_CHANGE_TESTS and PDF | D25: Multiplicity control for primary outcomes.

Sheet SURVEY_SCORES
A1: study_code | B1: functional_mean | C1: performance_mean | D1: reliability_mean | E1: sus_score | F1: pu_mean | G1: peou_mean | H1: sus_scored_q1 | I1: sus_scored_q2 | J1: sus_scored_q3 | K1: sus_scored_q4 | L1: sus_scored_q5 | M1: sus_scored_q6 | N1: sus_scored_q7 | O1: sus_scored_q8 | P1: sus_scored_q9 | Q1: sus_scored_q10 | R1: sus_scored_total
A2: =survey_iso25010.csv!A2 -> R1 | B2: =AVERAGE(survey_iso25010.csv!B2:F2) -> 4 | C2: =AVERAGE(survey_iso25010.csv!H2:L2) -> 4 | D2: =AVERAGE(survey_iso25010.csv!N2:R2) -> 4.2 | E2: =((sus_responses.csv!B2-1)+(5-sus_responses.csv!C2)+(sus_responses.csv!D2-1)+(5-sus_responses.csv!E2)+(sus_responses.csv!F2-1)+(5-sus_responses.csv!G2)+(sus_responses.csv!H2-1)+(5-sus_responses.csv!I2)+(sus_responses.csv!J2-1)+(5-sus_responses.csv!K2))*2.5 -> 95 | F2: =AVERAGE(tam_responses.csv!B2:G2) -> 4.1666667 | G2: =AVERAGE(tam_responses.csv!I2:N2) -> 4.8333333 | H2: =sus_responses.csv!B2 -> 5 | I2: =6-sus_responses.csv!C2 -> 4 | J2: =sus_responses.csv!D2 -> 4 | K2: =6-sus_responses.csv!E2 -> 5 | L2: =sus_responses.csv!F2 -> 5 | M2: =6-sus_responses.csv!G2 -> 5 | N2: =sus_responses.csv!H2 -> 5 | O2: =6-sus_responses.csv!I2 -> 5 | P2: =sus_responses.csv!J2 -> 5 | Q2: =6-sus_responses.csv!K2 -> 5 | R2: =SUM(H2:Q2) -> 48
A3: =survey_iso25010.csv!A3 -> R2 | B3: =AVERAGE(survey_iso25010.csv!B3:F3) -> 3.8 | C3: =AVERAGE(survey_iso25010.csv!H3:L3) -> 3.4 | D3: =AVERAGE(survey_iso25010.csv!N3:R3) -> 3.6 | E3: =((sus_responses.csv!B3-1)+(5-sus_responses.csv!C3)+(sus_responses.csv!D3-1)+(5-sus_responses.csv!E3)+(sus_responses.csv!F3-1)+(5-sus_responses.csv!G3)+(sus_responses.csv!H3-1)+(5-sus_responses.csv!I3)+(sus_responses.csv!J3-1)+(5-sus_responses.csv!K3))*2.5 -> 92.5 | F3: =AVERAGE(tam_responses.csv!B3:G3) -> 3.8333333 | G3: =AVERAGE(tam_responses.csv!I3:N3) -> 3.6666667 | H3: =sus_responses.csv!B3 -> 4 | I3: =6-sus_responses.csv!C3 -> 5 | J3: =sus_responses.csv!D3 -> 5 | K3: =6-sus_responses.csv!E3 -> 5 | L3: =sus_responses.csv!F3 -> 4 | M3: =6-sus_responses.csv!G3 -> 4 | N3: =sus_responses.csv!H3 -> 5 | O3: =6-sus_responses.csv!I3 -> 5 | P3: =sus_responses.csv!J3 -> 5 | Q3: =6-sus_responses.csv!K3 -> 5 | R3: =SUM(H3:Q3) -> 47
A4: =survey_iso25010.csv!A4 -> R3 | B4: =AVERAGE(survey_iso25010.csv!B4:F4) -> 4 | C4: =AVERAGE(survey_iso25010.csv!H4:L4) -> 4 | D4: =AVERAGE(survey_iso25010.csv!N4:R4) -> 4 | E4: =((sus_responses.csv!B4-1)+(5-sus_responses.csv!C4)+(sus_responses.csv!D4-1)+(5-sus_responses.csv!E4)+(sus_responses.csv!F4-1)+(5-sus_responses.csv!G4)+(sus_responses.csv!H4-1)+(5-sus_responses.csv!I4)+(sus_responses.csv!J4-1)+(5-sus_responses.csv!K4))*2.5 -> 95 | F4: =AVERAGE(tam_responses.csv!B4:G4) -> 3.6666667 | G4: =AVERAGE(tam_responses.csv!I4:N4) -> 3.8333333 | H4: =sus_responses.csv!B4 -> 4 | I4: =6-sus_responses.csv!C4 -> 5 | J4: =sus_responses.csv!D4 -> 4 | K4: =6-sus_responses.csv!E4 -> 5 | L4: =sus_responses.csv!F4 -> 5 | M4: =6-sus_responses.csv!G4 -> 5 | N4: =sus_responses.csv!H4 -> 5 | O4: =6-sus_responses.csv!I4 -> 5 | P4: =sus_responses.csv!J4 -> 5 | Q4: =6-sus_responses.csv!K4 -> 5 | R4: =SUM(H4:Q4) -> 48
A5: =survey_iso25010.csv!A5 -> R4 | B5: =AVERAGE(survey_iso25010.csv!B5:F5) -> 4 | C5: =AVERAGE(survey_iso25010.csv!H5:L5) -> 4.8 | D5: =AVERAGE(survey_iso25010.csv!N5:R5) -> 4.6 | E5: =((sus_responses.csv!B5-1)+(5-sus_responses.csv!C5)+(sus_responses.csv!D5-1)+(5-sus_responses.csv!E5)+(sus_responses.csv!F5-1)+(5-sus_responses.csv!G5)+(sus_responses.csv!H5-1)+(5-sus_responses.csv!I5)+(sus_responses.csv!J5-1)+(5-sus_responses.csv!K5))*2.5 -> 92.5 | F5: =AVERAGE(tam_responses.csv!B5:G5) -> 4.5 | G5: =AVERAGE(tam_responses.csv!I5:N5) -> 4.3333333 | H5: =sus_responses.csv!B5 -> 4 | I5: =6-sus_responses.csv!C5 -> 5 | J5: =sus_responses.csv!D5 -> 5 | K5: =6-sus_responses.csv!E5 -> 5 | L5: =sus_responses.csv!F5 -> 5 | M5: =6-sus_responses.csv!G5 -> 4 | N5: =sus_responses.csv!H5 -> 5 | O5: =6-sus_responses.csv!I5 -> 5 | P5: =sus_responses.csv!J5 -> 4 | Q5: =6-sus_responses.csv!K5 -> 5 | R5: =SUM(H5:Q5) -> 47
A6: =survey_iso25010.csv!A6 -> R5 | B6: =AVERAGE(survey_iso25010.csv!B6:F6) -> 4 | C6: =AVERAGE(survey_iso25010.csv!H6:L6) -> 5 | D6: =AVERAGE(survey_iso25010.csv!N6:R6) -> 3.4 | E6: =((sus_responses.csv!B6-1)+(5-sus_responses.csv!C6)+(sus_responses.csv!D6-1)+(5-sus_responses.csv!E6)+(sus_responses.csv!F6-1)+(5-sus_responses.csv!G6)+(sus_responses.csv!H6-1)+(5-sus_responses.csv!I6)+(sus_responses.csv!J6-1)+(5-sus_responses.csv!K6))*2.5 -> 90 | F6: =AVERAGE(tam_responses.csv!B6:G6) -> 3.6666667 | G6: =AVERAGE(tam_responses.csv!I6:N6) -> 4.3333333 | H6: =sus_responses.csv!B6 -> 5 | I6: =6-sus_responses.csv!C6 -> 5 | J6: =sus_responses.csv!D6 -> 4 | K6: =6-sus_responses.csv!E6 -> 5 | L6: =sus_responses.csv!F6 -> 5 | M6: =6-sus_responses.csv!G6 -> 4 | N6: =sus_responses.csv!H6 -> 5 | O6: =6-sus_responses.csv!I6 -> 5 | P6: =sus_responses.csv!J6 -> 4 | Q6: =6-sus_responses.csv!K6 -> 4 | R6: =SUM(H6:Q6) -> 46
A7: =survey_iso25010.csv!A7 -> R6 | B7: =AVERAGE(survey_iso25010.csv!B7:F7) -> 3 | C7: =AVERAGE(survey_iso25010.csv!H7:L7) -> 3 | D7: =AVERAGE(survey_iso25010.csv!N7:R7) -> 3 | E7: =((sus_responses.csv!B7-1)+(5-sus_responses.csv!C7)+(sus_responses.csv!D7-1)+(5-sus_responses.csv!E7)+(sus_responses.csv!F7-1)+(5-sus_responses.csv!G7)+(sus_responses.csv!H7-1)+(5-sus_responses.csv!I7)+(sus_responses.csv!J7-1)+(5-sus_responses.csv!K7))*2.5 -> 100 | F7: =AVERAGE(tam_responses.csv!B7:G7) -> 4 | G7: =AVERAGE(tam_responses.csv!I7:N7) -> 3.5 | H7: =sus_responses.csv!B7 -> 5 | I7: =6-sus_responses.csv!C7 -> 5 | J7: =sus_responses.csv!D7 -> 5 | K7: =6-sus_responses.csv!E7 -> 5 | L7: =sus_responses.csv!F7 -> 5 | M7: =6-sus_responses.csv!G7 -> 5 | N7: =sus_responses.csv!H7 -> 5 | O7: =6-sus_responses.csv!I7 -> 5 | P7: =sus_responses.csv!J7 -> 5 | Q7: =6-sus_responses.csv!K7 -> 5 | R7: =SUM(H7:Q7) -> 50
A8: =survey_iso25010.csv!A8 -> R7 | B8: =AVERAGE(survey_iso25010.csv!B8:F8) -> 4 | C8: =AVERAGE(survey_iso25010.csv!H8:L8) -> 4 | D8: =AVERAGE(survey_iso25010.csv!N8:R8) -> 4 | E8: =((sus_responses.csv!B8-1)+(5-sus_responses.csv!C8)+(sus_responses.csv!D8-1)+(5-sus_responses.csv!E8)+(sus_responses.csv!F8-1)+(5-sus_responses.csv!G8)+(sus_responses.csv!H8-1)+(5-sus_responses.csv!I8)+(sus_responses.csv!J8-1)+(5-sus_responses.csv!K8))*2.5 -> 95 | F8: =AVERAGE(tam_responses.csv!B8:G8) -> 4 | G8: =AVERAGE(tam_responses.csv!I8:N8) -> 4 | H8: =sus_responses.csv!B8 -> 5 | I8: =6-sus_responses.csv!C8 -> 4 | J8: =sus_responses.csv!D8 -> 5 | K8: =6-sus_responses.csv!E8 -> 4 | L8: =sus_responses.csv!F8 -> 5 | M8: =6-sus_responses.csv!G8 -> 5 | N8: =sus_responses.csv!H8 -> 5 | O8: =6-sus_responses.csv!I8 -> 5 | P8: =sus_responses.csv!J8 -> 5 | Q8: =6-sus_responses.csv!K8 -> 5 | R8: =SUM(H8:Q8) -> 48
A9: =survey_iso25010.csv!A9 -> R8 | B9: =AVERAGE(survey_iso25010.csv!B9:F9) -> 3 | C9: =AVERAGE(survey_iso25010.csv!H9:L9) -> 3.4 | D9: =AVERAGE(survey_iso25010.csv!N9:R9) -> 4 | E9: =((sus_responses.csv!B9-1)+(5-sus_responses.csv!C9)+(sus_responses.csv!D9-1)+(5-sus_responses.csv!E9)+(sus_responses.csv!F9-1)+(5-sus_responses.csv!G9)+(sus_responses.csv!H9-1)+(5-sus_responses.csv!I9)+(sus_responses.csv!J9-1)+(5-sus_responses.csv!K9))*2.5 -> 92.5 | F9: =AVERAGE(tam_responses.csv!B9:G9) -> 4 | G9: =AVERAGE(tam_responses.csv!I9:N9) -> 4 | H9: =sus_responses.csv!B9 -> 5 | I9: =6-sus_responses.csv!C9 -> 4 | J9: =sus_responses.csv!D9 -> 5 | K9: =6-sus_responses.csv!E9 -> 5 | L9: =sus_responses.csv!F9 -> 5 | M9: =6-sus_responses.csv!G9 -> 5 | N9: =sus_responses.csv!H9 -> 5 | O9: =6-sus_responses.csv!I9 -> 5 | P9: =sus_responses.csv!J9 -> 4 | Q9: =6-sus_responses.csv!K9 -> 4 | R9: =SUM(H9:Q9) -> 47
A10: =survey_iso25010.csv!A10 -> R9 | B10: =AVERAGE(survey_iso25010.csv!B10:F10) -> 4 | C10: =AVERAGE(survey_iso25010.csv!H10:L10) -> 4 | D10: =AVERAGE(survey_iso25010.csv!N10:R10) -> 4 | E10: =((sus_responses.csv!B10-1)+(5-sus_responses.csv!C10)+(sus_responses.csv!D10-1)+(5-sus_responses.csv!E10)+(sus_responses.csv!F10-1)+(5-sus_responses.csv!G10)+(sus_responses.csv!H10-1)+(5-sus_responses.csv!I10)+(sus_responses.csv!J10-1)+(5-sus_responses.csv!K10))*2.5 -> 92.5 | F10: =AVERAGE(tam_responses.csv!B10:G10) -> 4.6666667 | G10: =AVERAGE(tam_responses.csv!I10:N10) -> 5 | H10: =sus_responses.csv!B10 -> 4 | I10: =6-sus_responses.csv!C10 -> 5 | J10: =sus_responses.csv!D10 -> 5 | K10: =6-sus_responses.csv!E10 -> 5 | L10: =sus_responses.csv!F10 -> 5 | M10: =6-sus_responses.csv!G10 -> 5 | N10: =sus_responses.csv!H10 -> 4 | O10: =6-sus_responses.csv!I10 -> 5 | P10: =sus_responses.csv!J10 -> 5 | Q10: =6-sus_responses.csv!K10 -> 4 | R10: =SUM(H10:Q10) -> 47
A11: =survey_iso25010.csv!A11 -> R10 | B11: =AVERAGE(survey_iso25010.csv!B11:F11) -> 3 | C11: =AVERAGE(survey_iso25010.csv!H11:L11) -> 3 | D11: =AVERAGE(survey_iso25010.csv!N11:R11) -> 3 | E11: =((sus_responses.csv!B11-1)+(5-sus_responses.csv!C11)+(sus_responses.csv!D11-1)+(5-sus_responses.csv!E11)+(sus_responses.csv!F11-1)+(5-sus_responses.csv!G11)+(sus_responses.csv!H11-1)+(5-sus_responses.csv!I11)+(sus_responses.csv!J11-1)+(5-sus_responses.csv!K11))*2.5 -> 100 | F11: =AVERAGE(tam_responses.csv!B11:G11) -> 4.5 | G11: =AVERAGE(tam_responses.csv!I11:N11) -> 3 | H11: =sus_responses.csv!B11 -> 5 | I11: =6-sus_responses.csv!C11 -> 5 | J11: =sus_responses.csv!D11 -> 5 | K11: =6-sus_responses.csv!E11 -> 5 | L11: =sus_responses.csv!F11 -> 5 | M11: =6-sus_responses.csv!G11 -> 5 | N11: =sus_responses.csv!H11 -> 5 | O11: =6-sus_responses.csv!I11 -> 5 | P11: =sus_responses.csv!J11 -> 5 | Q11: =6-sus_responses.csv!K11 -> 5 | R11: =SUM(H11:Q11) -> 50
A12: =survey_iso25010.csv!A12 -> R11 | B12: =AVERAGE(survey_iso25010.csv!B12:F12) -> 5 | C12: =AVERAGE(survey_iso25010.csv!H12:L12) -> 4.6 | D12: =AVERAGE(survey_iso25010.csv!N12:R12) -> 4.8 | E12: =((sus_responses.csv!B12-1)+(5-sus_responses.csv!C12)+(sus_responses.csv!D12-1)+(5-sus_responses.csv!E12)+(sus_responses.csv!F12-1)+(5-sus_responses.csv!G12)+(sus_responses.csv!H12-1)+(5-sus_responses.csv!I12)+(sus_responses.csv!J12-1)+(5-sus_responses.csv!K12))*2.5 -> 95 | F12: =AVERAGE(tam_responses.csv!B12:G12) -> 5 | G12: =AVERAGE(tam_responses.csv!I12:N12) -> 4.8333333 | H12: =sus_responses.csv!B12 -> 4 | I12: =6-sus_responses.csv!C12 -> 5 | J12: =sus_responses.csv!D12 -> 5 | K12: =6-sus_responses.csv!E12 -> 4 | L12: =sus_responses.csv!F12 -> 5 | M12: =6-sus_responses.csv!G12 -> 5 | N12: =sus_responses.csv!H12 -> 5 | O12: =6-sus_responses.csv!I12 -> 5 | P12: =sus_responses.csv!J12 -> 5 | Q12: =6-sus_responses.csv!K12 -> 5 | R12: =SUM(H12:Q12) -> 48
A13: =survey_iso25010.csv!A13 -> R12 | B13: =AVERAGE(survey_iso25010.csv!B13:F13) -> 4 | C13: =AVERAGE(survey_iso25010.csv!H13:L13) -> 4 | D13: =AVERAGE(survey_iso25010.csv!N13:R13) -> 4 | E13: =((sus_responses.csv!B13-1)+(5-sus_responses.csv!C13)+(sus_responses.csv!D13-1)+(5-sus_responses.csv!E13)+(sus_responses.csv!F13-1)+(5-sus_responses.csv!G13)+(sus_responses.csv!H13-1)+(5-sus_responses.csv!I13)+(sus_responses.csv!J13-1)+(5-sus_responses.csv!K13))*2.5 -> 95 | F13: =AVERAGE(tam_responses.csv!B13:G13) -> 4.5 | G13: =AVERAGE(tam_responses.csv!I13:N13) -> 4.1666667 | H13: =sus_responses.csv!B13 -> 4 | I13: =6-sus_responses.csv!C13 -> 5 | J13: =sus_responses.csv!D13 -> 4 | K13: =6-sus_responses.csv!E13 -> 5 | L13: =sus_responses.csv!F13 -> 5 | M13: =6-sus_responses.csv!G13 -> 5 | N13: =sus_responses.csv!H13 -> 5 | O13: =6-sus_responses.csv!I13 -> 5 | P13: =sus_responses.csv!J13 -> 5 | Q13: =6-sus_responses.csv!K13 -> 5 | R13: =SUM(H13:Q13) -> 48
... A51: =survey_iso25010.csv!A51 -> R50 | B51: =AVERAGE(survey_iso25010.csv!B51:F51) -> 3.8 | C51: =AVERAGE(survey_iso25010.csv!H51:L51) -> 3.8 | D51: =AVERAGE(survey_iso25010.csv!N51:R51) -> 3.6 | E51: =((sus_responses.csv!B51-1)+(5-sus_responses.csv!C51)+(sus_responses.csv!D51-1)+(5-sus_responses.csv!E51)+(sus_responses.csv!F51-1)+(5-sus_responses.csv!G51)+(sus_responses.csv!H51-1)+(5-sus_responses.csv!I51)+(sus_responses.csv!J51-1)+(5-sus_responses.csv!K51))*2.5 -> 55 | F51: =AVERAGE(tam_responses.csv!B51:G51) -> 3.6666667 | G51: =AVERAGE(tam_responses.csv!I51:N51) -> 3.6666667 | H51: =sus_responses.csv!B51 -> 4 | I51: =6-sus_responses.csv!C51 -> 3 | J51: =sus_responses.csv!D51 -> 3 | K51: =6-sus_responses.csv!E51 -> 3 | L51: =sus_responses.csv!F51 -> 3 | M51: =6-sus_responses.csv!G51 -> 4 | N51: =sus_responses.csv!H51 -> 3 | O51: =6-sus_responses.csv!I51 -> 3 | P51: =sus_responses.csv!J51 -> 3 | Q51: =6-sus_responses.csv!K51 -> 3 | R51: =SUM(H51:Q51) -> 32

Sheet WEEK_DAILY
A1: study_code | B1: group | C1: study_week | D1: study_day | E1: session_count | F1: reliable_sessions | G1: total_duration_min | H1: mean_dwell_sec | I1: mean_nsd_percent | J1: mean_risk_score_reliable
A2: R1 | B2: =INDEX(study_periods.csv!$B$2:$B$51,MATCH(A2,study_periods.csv!$A$2:$A$51,0)) -> INTERVENTION | C2: 1 | D2: 1 | E2: =COUNTIFS(sessions.csv!$A$2:$A$10135,A2,sessions.csv!$D$2:$D$10135,C2,sessions.csv!$E$2:$E$10135,D2) -> 4 | F2: =COUNTIFS(sessions.csv!$A$2:$A$10135,A2,sessions.csv!$D$2:$D$10135,C2,sessions.csv!$E$2:$E$10135,D2,sessions.csv!$N$2:$N$10135,"RELIABLE") -> 4 | G2: =SUMIFS(sessions.csv!$H$2:$H$10135,sessions.csv!$A$2:$A$10135,A2,sessions.csv!$D$2:$D$10135,C2,sessions.csv!$E$2:$E$10135,D2)/60000 -> 49.370867 | H2: =IF(E2=0,"",AVERAGEIFS(sessions.csv!$J$2:$J$10135,sessions.csv!$A$2:$A$10135,A2,sessions.csv!$D$2:$D$10135,C2,sessions.csv!$E$2:$E$10135,D2)/1000) -> 6.6655 | I2: =IF(F2=0,"",AVERAGEIFS(sessions.csv!$O$2:$O$10135,sessions.csv!$A$2:$A$10135,A2,sessions.csv!$D$2:$D$10135,C2,sessions.csv!$E$2:$E$10135,D2,sessions.csv!$N$2:$N$10135,"RELIABLE")) -> 30.3925 | J2: =IF(F2=0,"",AVERAGEIFS(sessions.csv!$L$2:$L$10135,sessions.csv!$A$2:$A$10135,A2,sessions.csv!$D$2:$D$10135,C2,sessions.csv!$E$2:$E$10135,D2,sessions.csv!$N$2:$N$10135,"RELIABLE")) -> 45.7575
A3: R1 | B3: =INDEX(study_periods.csv!$B$2:$B$51,MATCH(A3,study_periods.csv!$A$2:$A$51,0)) -> INTERVENTION | C3: 1 | D3: 2 | E3: =COUNTIFS(sessions.csv!$A$2:$A$10135,A3,sessions.csv!$D$2:$D$10135,C3,sessions.csv!$E$2:$E$10135,D3) -> 3 | F3: =COUNTIFS(sessions.csv!$A$2:$A$10135,A3,sessions.csv!$D$2:$D$10135,C3,sessions.csv!$E$2:$E$10135,D3,sessions.csv!$N$2:$N$10135,"RELIABLE") -> 3 | G3: =SUMIFS(sessions.csv!$H$2:$H$10135,sessions.csv!$A$2:$A$10135,A3,sessions.csv!$D$2:$D$10135,C3,sessions.csv!$E$2:$E$10135,D3)/60000 -> 28.695933 | H3: =IF(E3=0,"",AVERAGEIFS(sessions.csv!$J$2:$J$10135,sessions.csv!$A$2:$A$10135,A3,sessions.csv!$D$2:$D$10135,C3,sessions.csv!$E$2:$E$10135,D3)/1000) -> 6.8826667 | I3: =IF(F3=0,"",AVERAGEIFS(sessions.csv!$O$2:$O$10135,sessions.csv!$A$2:$A$10135,A3,sessions.csv!$D$2:$D$10135,C3,sessions.csv!$E$2:$E$10135,D3,sessions.csv!$N$2:$N$10135,"RELIABLE")) -> 28.546667 | J3: =IF(F3=0,"",AVERAGEIFS(sessions.csv!$L$2:$L$10135,sessions.csv!$A$2:$A$10135,A3,sessions.csv!$D$2:$D$10135,C3,sessions.csv!$E$2:$E$10135,D3,sessions.csv!$N$2:$N$10135,"RELIABLE")) -> 43.406667
A4: R1 | B4: =INDEX(study_periods.csv!$B$2:$B$51,MATCH(A4,study_periods.csv!$A$2:$A$51,0)) -> INTERVENTION | C4: 1 | D4: 3 | E4: =COUNTIFS(sessions.csv!$A$2:$A$10135,A4,sessions.csv!$D$2:$D$10135,C4,sessions.csv!$E$2:$E$10135,D4) -> 4 | F4: =COUNTIFS(sessions.csv!$A$2:$A$10135,A4,sessions.csv!$D$2:$D$10135,C4,sessions.csv!$E$2:$E$10135,D4,sessions.csv!$N$2:$N$10135,"RELIABLE") -> 3 | G4: =SUMIFS(sessions.csv!$H$2:$H$10135,sessions.csv!$A$2:$A$10135,A4,sessions.csv!$D$2:$D$10135,C4,sessions.csv!$E$2:$E$10135,D4)/60000 -> 52.72185 | H4: =IF(E4=0,"",AVERAGEIFS(sessions.csv!$J$2:$J$10135,sessions.csv!$A$2:$A$10135,A4,sessions.csv!$D$2:$D$10135,C4,sessions.csv!$E$2:$E$10135,D4)/1000) -> 6.6585 | I4: =IF(F4=0,"",AVERAGEIFS(sessions.csv!$O$2:$O$10135,sessions.csv!$A$2:$A$10135,A4,sessions.csv!$D$2:$D$10135,C4,sessions.csv!$E$2:$E$10135,D4,sessions.csv!$N$2:$N$10135,"RELIABLE")) -> 33.943333 | J4: =IF(F4=0,"",AVERAGEIFS(sessions.csv!$L$2:$L$10135,sessions.csv!$A$2:$A$10135,A4,sessions.csv!$D$2:$D$10135,C4,sessions.csv!$E$2:$E$10135,D4,sessions.csv!$N$2:$N$10135,"RELIABLE")) -> 47.333333
A5: R1 | B5: =INDEX(study_periods.csv!$B$2:$B$51,MATCH(A5,study_periods.csv!$A$2:$A$51,0)) -> INTERVENTION | C5: 1 | D5: 4 | E5: =COUNTIFS(sessions.csv!$A$2:$A$10135,A5,sessions.csv!$D$2:$D$10135,C5,sessions.csv!$E$2:$E$10135,D5) -> 3 | F5: =COUNTIFS(sessions.csv!$A$2:$A$10135,A5,sessions.csv!$D$2:$D$10135,C5,sessions.csv!$E$2:$E$10135,D5,sessions.csv!$N$2:$N$10135,"RELIABLE") -> 3 | G5: =SUMIFS(sessions.csv!$H$2:$H$10135,sessions.csv!$A$2:$A$10135,A5,sessions.csv!$D$2:$D$10135,C5,sessions.csv!$E$2:$E$10135,D5)/60000 -> 36.8849 | H5: =IF(E5=0,"",AVERAGEIFS(sessions.csv!$J$2:$J$10135,sessions.csv!$A$2:$A$10135,A5,sessions.csv!$D$2:$D$10135,C5,sessions.csv!$E$2:$E$10135,D5)/1000) -> 6.974 | I5: =IF(F5=0,"",AVERAGEIFS(sessions.csv!$O$2:$O$10135,sessions.csv!$A$2:$A$10135,A5,sessions.csv!$D$2:$D$10135,C5,sessions.csv!$E$2:$E$10135,D5,sessions.csv!$N$2:$N$10135,"RELIABLE")) -> 34.52 | J5: =IF(F5=0,"",AVERAGEIFS(sessions.csv!$L$2:$L$10135,sessions.csv!$A$2:$A$10135,A5,sessions.csv!$D$2:$D$10135,C5,sessions.csv!$E$2:$E$10135,D5,sessions.csv!$N$2:$N$10135,"RELIABLE")) -> 47.856667
A6: R1 | B6: =INDEX(study_periods.csv!$B$2:$B$51,MATCH(A6,study_periods.csv!$A$2:$A$51,0)) -> INTERVENTION | C6: 1 | D6: 5 | E6: =COUNTIFS(sessions.csv!$A$2:$A$10135,A6,sessions.csv!$D$2:$D$10135,C6,sessions.csv!$E$2:$E$10135,D6) -> 4 | F6: =COUNTIFS(sessions.csv!$A$2:$A$10135,A6,sessions.csv!$D$2:$D$10135,C6,sessions.csv!$E$2:$E$10135,D6,sessions.csv!$N$2:$N$10135,"RELIABLE") -> 4 | G6: =SUMIFS(sessions.csv!$H$2:$H$10135,sessions.csv!$A$2:$A$10135,A6,sessions.csv!$D$2:$D$10135,C6,sessions.csv!$E$2:$E$10135,D6)/60000 -> 55.227317 | H6: =IF(E6=0,"",AVERAGEIFS(sessions.csv!$J$2:$J$10135,sessions.csv!$A$2:$A$10135,A6,sessions.csv!$D$2:$D$10135,C6,sessions.csv!$E$2:$E$10135,D6)/1000) -> 7.741 | I6: =IF(F6=0,"",AVERAGEIFS(sessions.csv!$O$2:$O$10135,sessions.csv!$A$2:$A$10135,A6,sessions.csv!$D$2:$D$10135,C6,sessions.csv!$E$2:$E$10135,D6,sessions.csv!$N$2:$N$10135,"RELIABLE")) -> 26.4575 | J6: =IF(F6=0,"",AVERAGEIFS(sessions.csv!$L$2:$L$10135,sessions.csv!$A$2:$A$10135,A6,sessions.csv!$D$2:$D$10135,C6,sessions.csv!$E$2:$E$10135,D6,sessions.csv!$N$2:$N$10135,"RELIABLE")) -> 46.255
A7: R1 | B7: =INDEX(study_periods.csv!$B$2:$B$51,MATCH(A7,study_periods.csv!$A$2:$A$51,0)) -> INTERVENTION | C7: 1 | D7: 6 | E7: =COUNTIFS(sessions.csv!$A$2:$A$10135,A7,sessions.csv!$D$2:$D$10135,C7,sessions.csv!$E$2:$E$10135,D7) -> 5 | F7: =COUNTIFS(sessions.csv!$A$2:$A$10135,A7,sessions.csv!$D$2:$D$10135,C7,sessions.csv!$E$2:$E$10135,D7,sessions.csv!$N$2:$N$10135,"RELIABLE") -> 5 | G7: =SUMIFS(sessions.csv!$H$2:$H$10135,sessions.csv!$A$2:$A$10135,A7,sessions.csv!$D$2:$D$10135,C7,sessions.csv!$E$2:$E$10135,D7)/60000 -> 63.516833 | H7: =IF(E7=0,"",AVERAGEIFS(sessions.csv!$J$2:$J$10135,sessions.csv!$A$2:$A$10135,A7,sessions.csv!$D$2:$D$10135,C7,sessions.csv!$E$2:$E$10135,D7)/1000) -> 6.6988 | I7: =IF(F7=0,"",AVERAGEIFS(sessions.csv!$O$2:$O$10135,sessions.csv!$A$2:$A$10135,A7,sessions.csv!$D$2:$D$10135,C7,sessions.csv!$E$2:$E$10135,D7,sessions.csv!$N$2:$N$10135,"RELIABLE")) -> 30.144 | J7: =IF(F7=0,"",AVERAGEIFS(sessions.csv!$L$2:$L$10135,sessions.csv!$A$2:$A$10135,A7,sessions.csv!$D$2:$D$10135,C7,sessions.csv!$E$2:$E$10135,D7,sessions.csv!$N$2:$N$10135,"RELIABLE")) -> 45.924
A8: R1 | B8: =INDEX(study_periods.csv!$B$2:$B$51,MATCH(A8,study_periods.csv!$A$2:$A$51,0)) -> INTERVENTION | C8: 1 | D8: 7 | E8: =COUNTIFS(sessions.csv!$A$2:$A$10135,A8,sessions.csv!$D$2:$D$10135,C8,sessions.csv!$E$2:$E$10135,D8) -> 6 | F8: =COUNTIFS(sessions.csv!$A$2:$A$10135,A8,sessions.csv!$D$2:$D$10135,C8,sessions.csv!$E$2:$E$10135,D8,sessions.csv!$N$2:$N$10135,"RELIABLE") -> 6 | G8: =SUMIFS(sessions.csv!$H$2:$H$10135,sessions.csv!$A$2:$A$10135,A8,sessions.csv!$D$2:$D$10135,C8,sessions.csv!$E$2:$E$10135,D8)/60000 -> 87.064883 | H8: =IF(E8=0,"",AVERAGEIFS(sessions.csv!$J$2:$J$10135,sessions.csv!$A$2:$A$10135,A8,sessions.csv!$D$2:$D$10135,C8,sessions.csv!$E$2:$E$10135,D8)/1000) -> 7.0563333 | I8: =IF(F8=0,"",AVERAGEIFS(sessions.csv!$O$2:$O$10135,sessions.csv!$A$2:$A$10135,A8,sessions.csv!$D$2:$D$10135,C8,sessions.csv!$E$2:$E$10135,D8,sessions.csv!$N$2:$N$10135,"RELIABLE")) -> 32.756667 | J8: =IF(F8=0,"",AVERAGEIFS(sessions.csv!$L$2:$L$10135,sessions.csv!$A$2:$A$10135,A8,sessions.csv!$D$2:$D$10135,C8,sessions.csv!$E$2:$E$10135,D8,sessions.csv!$N$2:$N$10135,"RELIABLE")) -> 48.633333
A9: R1 | B9: =INDEX(study_periods.csv!$B$2:$B$51,MATCH(A9,study_periods.csv!$A$2:$A$51,0)) -> INTERVENTION | C9: 2 | D9: 1 | E9: =COUNTIFS(sessions.csv!$A$2:$A$10135,A9,sessions.csv!$D$2:$D$10135,C9,sessions.csv!$E$2:$E$10135,D9) -> 2 | F9: =COUNTIFS(sessions.csv!$A$2:$A$10135,A9,sessions.csv!$D$2:$D$10135,C9,sessions.csv!$E$2:$E$10135,D9,sessions.csv!$N$2:$N$10135,"RELIABLE") -> 2 | G9: =SUMIFS(sessions.csv!$H$2:$H$10135,sessions.csv!$A$2:$A$10135,A9,sessions.csv!$D$2:$D$10135,C9,sessions.csv!$E$2:$E$10135,D9)/60000 -> 26.896117 | H9: =IF(E9=0,"",AVERAGEIFS(sessions.csv!$J$2:$J$10135,sessions.csv!$A$2:$A$10135,A9,sessions.csv!$D$2:$D$10135,C9,sessions.csv!$E$2:$E$10135,D9)/1000) -> 6.6255 | I9: =IF(F9=0,"",AVERAGEIFS(sessions.csv!$O$2:$O$10135,sessions.csv!$A$2:$A$10135,A9,sessions.csv!$D$2:$D$10135,C9,sessions.csv!$E$2:$E$10135,D9,sessions.csv!$N$2:$N$10135,"RELIABLE")) -> 26.59 | J9: =IF(F9=0,"",AVERAGEIFS(sessions.csv!$L$2:$L$10135,sessions.csv!$A$2:$A$10135,A9,sessions.csv!$D$2:$D$10135,C9,sessions.csv!$E$2:$E$10135,D9,sessions.csv!$N$2:$N$10135,"RELIABLE")) -> 44.795
A10: R1 | B10: =INDEX(study_periods.csv!$B$2:$B$51,MATCH(A10,study_periods.csv!$A$2:$A$51,0)) -> INTERVENTION | C10: 2 | D10: 2 | E10: =COUNTIFS(sessions.csv!$A$2:$A$10135,A10,sessions.csv!$D$2:$D$10135,C10,sessions.csv!$E$2:$E$10135,D10) -> 1 | F10: =COUNTIFS(sessions.csv!$A$2:$A$10135,A10,sessions.csv!$D$2:$D$10135,C10,sessions.csv!$E$2:$E$10135,D10,sessions.csv!$N$2:$N$10135,"RELIABLE") -> 1 | G10: =SUMIFS(sessions.csv!$H$2:$H$10135,sessions.csv!$A$2:$A$10135,A10,sessions.csv!$D$2:$D$10135,C10,sessions.csv!$E$2:$E$10135,D10)/60000 -> 8.8537333 | H10: =IF(E10=0,"",AVERAGEIFS(sessions.csv!$J$2:$J$10135,sessions.csv!$A$2:$A$10135,A10,sessions.csv!$D$2:$D$10135,C10,sessions.csv!$E$2:$E$10135,D10)/1000) -> 6.254 | I10: =IF(F10=0,"",AVERAGEIFS(sessions.csv!$O$2:$O$10135,sessions.csv!$A$2:$A$10135,A10,sessions.csv!$D$2:$D$10135,C10,sessions.csv!$E$2:$E$10135,D10,sessions.csv!$N$2:$N$10135,"RELIABLE")) -> 21.42 | J10: =IF(F10=0,"",AVERAGEIFS(sessions.csv!$L$2:$L$10135,sessions.csv!$A$2:$A$10135,A10,sessions.csv!$D$2:$D$10135,C10,sessions.csv!$E$2:$E$10135,D10,sessions.csv!$N$2:$N$10135,"RELIABLE")) -> 39.16
A11: R1 | B11: =INDEX(study_periods.csv!$B$2:$B$51,MATCH(A11,study_periods.csv!$A$2:$A$51,0)) -> INTERVENTION | C11: 2 | D11: 3 | E11: =COUNTIFS(sessions.csv!$A$2:$A$10135,A11,sessions.csv!$D$2:$D$10135,C11,sessions.csv!$E$2:$E$10135,D11) -> 2 | F11: =COUNTIFS(sessions.csv!$A$2:$A$10135,A11,sessions.csv!$D$2:$D$10135,C11,sessions.csv!$E$2:$E$10135,D11,sessions.csv!$N$2:$N$10135,"RELIABLE") -> 2 | G11: =SUMIFS(sessions.csv!$H$2:$H$10135,sessions.csv!$A$2:$A$10135,A11,sessions.csv!$D$2:$D$10135,C11,sessions.csv!$E$2:$E$10135,D11)/60000 -> 18.250533 | H11: =IF(E11=0,"",AVERAGEIFS(sessions.csv!$J$2:$J$10135,sessions.csv!$A$2:$A$10135,A11,sessions.csv!$D$2:$D$10135,C11,sessions.csv!$E$2:$E$10135,D11)/1000) -> 7.582 | I11: =IF(F11=0,"",AVERAGEIFS(sessions.csv!$O$2:$O$10135,sessions.csv!$A$2:$A$10135,A11,sessions.csv!$D$2:$D$10135,C11,sessions.csv!$E$2:$E$10135,D11,sessions.csv!$N$2:$N$10135,"RELIABLE")) -> 27.695 | J11: =IF(F11=0,"",AVERAGEIFS(sessions.csv!$L$2:$L$10135,sessions.csv!$A$2:$A$10135,A11,sessions.csv!$D$2:$D$10135,C11,sessions.csv!$E$2:$E$10135,D11,sessions.csv!$N$2:$N$10135,"RELIABLE")) -> 43.56
A12: R1 | B12: =INDEX(study_periods.csv!$B$2:$B$51,MATCH(A12,study_periods.csv!$A$2:$A$51,0)) -> INTERVENTION | C12: 2 | D12: 4 | E12: =COUNTIFS(sessions.csv!$A$2:$A$10135,A12,sessions.csv!$D$2:$D$10135,C12,sessions.csv!$E$2:$E$10135,D12) -> 1 | F12: =COUNTIFS(sessions.csv!$A$2:$A$10135,A12,sessions.csv!$D$2:$D$10135,C12,sessions.csv!$E$2:$E$10135,D12,sessions.csv!$N$2:$N$10135,"RELIABLE") -> 1 | G12: =SUMIFS(sessions.csv!$H$2:$H$10135,sessions.csv!$A$2:$A$10135,A12,sessions.csv!$D$2:$D$10135,C12,sessions.csv!$E$2:$E$10135,D12)/60000 -> 8.5462167 | H12: =IF(E12=0,"",AVERAGEIFS(sessions.csv!$J$2:$J$10135,sessions.csv!$A$2:$A$10135,A12,sessions.csv!$D$2:$D$10135,C12,sessions.csv!$E$2:$E$10135,D12)/1000) -> 8.316 | I12: =IF(F12=0,"",AVERAGEIFS(sessions.csv!$O$2:$O$10135,sessions.csv!$A$2:$A$10135,A12,sessions.csv!$D$2:$D$10135,C12,sessions.csv!$E$2:$E$10135,D12,sessions.csv!$N$2:$N$10135,"RELIABLE")) -> 28.19 | J12: =IF(F12=0,"",AVERAGEIFS(sessions.csv!$L$2:$L$10135,sessions.csv!$A$2:$A$10135,A12,sessions.csv!$D$2:$D$10135,C12,sessions.csv!$E$2:$E$10135,D12,sessions.csv!$N$2:$N$10135,"RELIABLE")) -> 44.24
A13: R1 | B13: =INDEX(study_periods.csv!$B$2:$B$51,MATCH(A13,study_periods.csv!$A$2:$A$51,0)) -> INTERVENTION | C13: 2 | D13: 5 | E13: =COUNTIFS(sessions.csv!$A$2:$A$10135,A13,sessions.csv!$D$2:$D$10135,C13,sessions.csv!$E$2:$E$10135,D13) -> 2 | F13: =COUNTIFS(sessions.csv!$A$2:$A$10135,A13,sessions.csv!$D$2:$D$10135,C13,sessions.csv!$E$2:$E$10135,D13,sessions.csv!$N$2:$N$10135,"RELIABLE") -> 2 | G13: =SUMIFS(sessions.csv!$H$2:$H$10135,sessions.csv!$A$2:$A$10135,A13,sessions.csv!$D$2:$D$10135,C13,sessions.csv!$E$2:$E$10135,D13)/60000 -> 20.503867 | H13: =IF(E13=0,"",AVERAGEIFS(sessions.csv!$J$2:$J$10135,sessions.csv!$A$2:$A$10135,A13,sessions.csv!$D$2:$D$10135,C13,sessions.csv!$E$2:$E$10135,D13)/1000) -> 5.31 | I13: =IF(F13=0,"",AVERAGEIFS(sessions.csv!$O$2:$O$10135,sessions.csv!$A$2:$A$10135,A13,sessions.csv!$D$2:$D$10135,C13,sessions.csv!$E$2:$E$10135,D13,sessions.csv!$N$2:$N$10135,"RELIABLE")) -> 24.255 | J13: =IF(F13=0,"",AVERAGEIFS(sessions.csv!$L$2:$L$10135,sessions.csv!$A$2:$A$10135,A13,sessions.csv!$D$2:$D$10135,C13,sessions.csv!$E$2:$E$10135,D13,sessions.csv!$N$2:$N$10135,"RELIABLE")) -> 40.2
... A701: R50 | B701: =INDEX(study_periods.csv!$B$2:$B$51,MATCH(A701,study_periods.csv!$A$2:$A$51,0)) -> CONTROL | C701: 2 | D701: 7 | E701: =COUNTIFS(sessions.csv!$A$2:$A$10135,A701,sessions.csv!$D$2:$D$10135,C701,sessions.csv!$E$2:$E$10135,D701) -> 25 | F701: =COUNTIFS(sessions.csv!$A$2:$A$10135,A701,sessions.csv!$D$2:$D$10135,C701,sessions.csv!$E$2:$E$10135,D701,sessions.csv!$N$2:$N$10135,"RELIABLE") -> 21 | G701: =SUMIFS(sessions.csv!$H$2:$H$10135,sessions.csv!$A$2:$A$10135,A701,sessions.csv!$D$2:$D$10135,C701,sessions.csv!$E$2:$E$10135,D701)/60000 -> 901.41393 | H701: =IF(E701=0,"",AVERAGEIFS(sessions.csv!$J$2:$J$10135,sessions.csv!$A$2:$A$10135,A701,sessions.csv!$D$2:$D$10135,C701,sessions.csv!$E$2:$E$10135,D701)/1000) -> 10.61652 | I701: =IF(F701=0,"",AVERAGEIFS(sessions.csv!$O$2:$O$10135,sessions.csv!$A$2:$A$10135,A701,sessions.csv!$D$2:$D$10135,C701,sessions.csv!$E$2:$E$10135,D701,sessions.csv!$N$2:$N$10135,"RELIABLE")) -> 49.004762 | J701: =IF(F701=0,"",AVERAGEIFS(sessions.csv!$L$2:$L$10135,sessions.csv!$A$2:$A$10135,A701,sessions.csv!$D$2:$D$10135,C701,sessions.csv!$E$2:$E$10135,D701,sessions.csv!$N$2:$N$10135,"RELIABLE")) -> 73.34

Sheet RQ2_GROUP_DATA
A1: sessions_day_intervention | B1: sessions_day_control | C1: duration_intervention | D1: duration_control | E1: dwell_intervention | F1: dwell_control | G1: nsd_intervention | H1: nsd_control | I1: dsi_intervention | J1: dsi_control | K1: doom_intervention | L1: doom_control
A2: =CHANGE_SCORES!E2 -> -2 | B2: =CHANGE_SCORES!E3 -> 0 | C2: =CHANGE_SCORES!H2 -> -31.300748 | D2: =CHANGE_SCORES!H3 -> 0.48172143 | E2: =CHANGE_SCORES!K2 -> -0.21198333 | F2: =CHANGE_SCORES!K3 -> 0.10261463 | G2: =CHANGE_SCORES!N2 -> -4.8615238 | H2: =CHANGE_SCORES!N3 -> 0.38547959 | I2: =CHANGE_SCORES!Q2 -> -3.6192857 | J2: =CHANGE_SCORES!Q3 -> 0.46855603 | K2: =CHANGE_SCORES!T2 -> -2 | L2: =CHANGE_SCORES!T3 -> 0
A3: =CHANGE_SCORES!E4 -> -2 | B3: =CHANGE_SCORES!E5 -> 0 | C3: =CHANGE_SCORES!H4 -> -38.30346 | D3: =CHANGE_SCORES!H5 -> 0.32879762 | E3: =CHANGE_SCORES!K4 -> -0.65533656 | F3: =CHANGE_SCORES!K5 -> 0.21813974 | G3: =CHANGE_SCORES!N4 -> -5.2052381 | H3: =CHANGE_SCORES!N5 -> 0.22430612 | I3: =CHANGE_SCORES!Q4 -> -4.9733591 | J3: =CHANGE_SCORES!Q5 -> 0.18376768 | K3: =CHANGE_SCORES!T4 -> -2 | L3: =CHANGE_SCORES!T5 -> 0
A4: =CHANGE_SCORES!E6 -> 1.5714286 | B4: =CHANGE_SCORES!E7 -> 0 | C4: =CHANGE_SCORES!H6 -> 16.573248 | D4: =CHANGE_SCORES!H7 -> 1.05335 | E4: =CHANGE_SCORES!K6 -> -0.13454762 | F4: =CHANGE_SCORES!K7 -> -0.20205714 | G4: =CHANGE_SCORES!N6 | H4: =CHANGE_SCORES!N7 -> 1.7312619 | I4: =CHANGE_SCORES!Q6 | J4: =CHANGE_SCORES!Q7 -> 0.7147151 | K4: =CHANGE_SCORES!T6 -> -1 | L4: =CHANGE_SCORES!T7 -> 0
A5: =CHANGE_SCORES!E8 -> 0 | B5: =CHANGE_SCORES!E9 -> 1 | C5: =CHANGE_SCORES!H8 -> -5.5868048 | D5: =CHANGE_SCORES!H9 -> 19.772676 | E5: =CHANGE_SCORES!K8 -> 0.24712789 | F5: =CHANGE_SCORES!K9 -> 0.46112902 | G5: =CHANGE_SCORES!N8 -> 0.36959524 | H5: =CHANGE_SCORES!N9 -> 2.2643197 | I5: =CHANGE_SCORES!Q8 -> -0.27612903 | J5: =CHANGE_SCORES!Q9 -> 2.1461093 | K5: =CHANGE_SCORES!T8 -> 0 | L5: =CHANGE_SCORES!T9 -> 1
A6: =CHANGE_SCORES!E10 -> 4.5714286 | B6: =CHANGE_SCORES!E11 -> -1 | C6: =CHANGE_SCORES!H10 -> 49.846019 | D6: =CHANGE_SCORES!H11 -> -17.96114 | E6: =CHANGE_SCORES!K10 -> -1.3791602 | F6: =CHANGE_SCORES!K11 -> -0.87494762 | G6: =CHANGE_SCORES!N10 | H6: =CHANGE_SCORES!N11 -> -1.3847897 | I6: =CHANGE_SCORES!Q10 | J6: =CHANGE_SCORES!Q11 -> -2.651417 | K6: =CHANGE_SCORES!T10 -> -2 | L6: =CHANGE_SCORES!T11 -> -1
A7: =CHANGE_SCORES!E12 -> 1 | B7: =CHANGE_SCORES!E13 -> 0 | C7: =CHANGE_SCORES!H12 -> 30.178919 | D7: =CHANGE_SCORES!H13 -> -1.1280738 | E7: =CHANGE_SCORES!K12 -> 0.24866959 | F7: =CHANGE_SCORES!K13 -> -0.057511538 | G7: =CHANGE_SCORES!N12 -> 3.0550378 | H7: =CHANGE_SCORES!N13 -> -0.97395469 | I7: =CHANGE_SCORES!Q12 -> 2.0331896 | J7: =CHANGE_SCORES!Q13 -> -0.27201524 | K7: =CHANGE_SCORES!T12 -> 1 | L7: =CHANGE_SCORES!T13 -> 0
A8: =CHANGE_SCORES!E14 -> -2 | B8: =CHANGE_SCORES!E15 -> 0 | C8: =CHANGE_SCORES!H14 -> -96.219352 | D8: =CHANGE_SCORES!H15 -> 7.5724286 | E8: =CHANGE_SCORES!K14 -> -0.71835162 | F8: =CHANGE_SCORES!K15 -> 0.24423022 | G8: =CHANGE_SCORES!N14 -> -4.6850335 | H8: =CHANGE_SCORES!N15 -> 0.72071749 | I8: =CHANGE_SCORES!Q14 -> -5.4262065 | J8: =CHANGE_SCORES!Q15 -> 0.97980319 | K8: =CHANGE_SCORES!T14 -> -2 | L8: =CHANGE_SCORES!T15 -> 0
A9: =CHANGE_SCORES!E16 -> -0.85714286 | B9: =CHANGE_SCORES!E17 -> 1 | C9: =CHANGE_SCORES!H16 -> -37.102126 | D9: =CHANGE_SCORES!H17 -> 36.912014 | E9: =CHANGE_SCORES!K16 -> -0.42460793 | F9: =CHANGE_SCORES!K17 -> 0.083771536 | G9: =CHANGE_SCORES!N16 -> -1.663101 | H9: =CHANGE_SCORES!N17 -> 0.55549229 | I9: =CHANGE_SCORES!Q16 -> -2.3799362 | J9: =CHANGE_SCORES!Q17 -> 0.93949074 | K9: =CHANGE_SCORES!T16 -> -1 | L9: =CHANGE_SCORES!T17 -> 1
A10: =CHANGE_SCORES!E18 -> -2 | B10: =CHANGE_SCORES!E19 -> 0 | C10: =CHANGE_SCORES!H18 -> -83.44421 | D10: =CHANGE_SCORES!H19 -> -9.9014 | E10: =CHANGE_SCORES!K18 -> -0.61813573 | F10: =CHANGE_SCORES!K19 -> -0.19172556 | G10: =CHANGE_SCORES!N18 -> -4.5162071 | H10: =CHANGE_SCORES!N19 -> -1.4413315 | I10: =CHANGE_SCORES!Q18 -> -4.5416076 | J10: =CHANGE_SCORES!Q19 -> -1.3056753 | K10: =CHANGE_SCORES!T18 -> -2 | L10: =CHANGE_SCORES!T19 -> 0
A11: =CHANGE_SCORES!E20 -> -2 | B11: =CHANGE_SCORES!E21 -> -0.85714286 | C11: =CHANGE_SCORES!H20 -> -91.77001 | D11: =CHANGE_SCORES!H21 -> -23.546531 | E11: =CHANGE_SCORES!K20 -> -0.68867634 | F11: =CHANGE_SCORES!K21 -> 0.076627223 | G11: =CHANGE_SCORES!N20 -> -6.3137443 | H11: =CHANGE_SCORES!N21 -> -0.027596578 | I11: =CHANGE_SCORES!Q20 -> -5.7916455 | J11: =CHANGE_SCORES!Q21 -> -0.32304579 | K11: =CHANGE_SCORES!T20 -> -2 | L11: =CHANGE_SCORES!T21 -> -1
A12: =CHANGE_SCORES!E22 -> 0 | B12: =CHANGE_SCORES!E23 -> 0 | C12: =CHANGE_SCORES!H22 -> -3.8169667 | D12: =CHANGE_SCORES!H23 -> -4.3247238 | E12: =CHANGE_SCORES!K22 -> 0.090672922 | F12: =CHANGE_SCORES!K23 -> -0.096742465 | G12: =CHANGE_SCORES!N22 -> -0.85603715 | H12: =CHANGE_SCORES!N23 -> 1.2656797 | I12: =CHANGE_SCORES!Q22 -> -0.45773128 | J12: =CHANGE_SCORES!Q23 -> 0.31331523 | K12: =CHANGE_SCORES!T22 -> 0 | L12: =CHANGE_SCORES!T23 -> 0
A13: =CHANGE_SCORES!E24 -> -2 | B13: =CHANGE_SCORES!E25 -> 1 | C13: =CHANGE_SCORES!H24 -> -85.154955 | D13: =CHANGE_SCORES!H25 -> 48.263769 | E13: =CHANGE_SCORES!K24 -> -0.74923588 | F13: =CHANGE_SCORES!K25 -> 0.17726038 | G13: =CHANGE_SCORES!N24 -> -4.2417123 | H13: =CHANGE_SCORES!N25 -> 1.2141777 | I13: =CHANGE_SCORES!Q24 -> -4.8276136 | J13: =CHANGE_SCORES!Q25 -> 1.9707558 | K13: =CHANGE_SCORES!T24 -> -2 | L13: =CHANGE_SCORES!T25 -> 1
A14: =CHANGE_SCORES!E26 -> -0.85714286 | B14: =CHANGE_SCORES!E27 -> 0 | C14: =CHANGE_SCORES!H26 -> -40.586757 | D14: =CHANGE_SCORES!H27 -> 2.5305333 | E14: =CHANGE_SCORES!K26 -> -0.37280972 | F14: =CHANGE_SCORES!K27 -> 0.052705211 | G14: =CHANGE_SCORES!N26 -> -2.2949055 | H14: =CHANGE_SCORES!N27 -> 0.38914194 | I14: =CHANGE_SCORES!Q26 -> -2.7069154 | J14: =CHANGE_SCORES!Q27 -> 0.41760431 | K14: =CHANGE_SCORES!T26 -> -1 | L14: =CHANGE_SCORES!T27 -> 0
A15: =CHANGE_SCORES!E28 -> -2 | B15: =CHANGE_SCORES!E29 -> 0 | C15: =CHANGE_SCORES!H28 -> -82.352307 | D15: =CHANGE_SCORES!H29 -> -1.0698643 | E15: =CHANGE_SCORES!K28 -> -0.56063487 | F15: =CHANGE_SCORES!K29 -> -0.016473829 | G15: =CHANGE_SCORES!N28 -> -5.6766607 | H15: =CHANGE_SCORES!N29 -> -0.41691706 | I15: =CHANGE_SCORES!Q28 -> -5.4134199 | J15: =CHANGE_SCORES!Q29 -> -0.3533256 | K15: =CHANGE_SCORES!T28 -> -2 | L15: =CHANGE_SCORES!T29 -> 0
A16: =CHANGE_SCORES!E30 -> -2 | B16: =CHANGE_SCORES!E31 -> -0.85714286 | C16: =CHANGE_SCORES!H30 -> -86.823526 | D16: =CHANGE_SCORES!H31 -> -19.593629 | E16: =CHANGE_SCORES!K30 -> -0.62606391 | F16: =CHANGE_SCORES!K31 -> -0.093468232 | G16: =CHANGE_SCORES!N30 -> -4.8515475 | H16: =CHANGE_SCORES!N31 -> -0.71715043 | I16: =CHANGE_SCORES!Q30 -> -5.0192513 | J16: =CHANGE_SCORES!Q31 -> -0.74115778 | K16: =CHANGE_SCORES!T30 -> -2 | L16: =CHANGE_SCORES!T31 -> -1
A17: =CHANGE_SCORES!E32 -> -1.8571429 | B17: =CHANGE_SCORES!E33 -> 1 | C17: =CHANGE_SCORES!H32 -> -71.016369 | D17: =CHANGE_SCORES!H33 -> 46.140036 | E17: =CHANGE_SCORES!K32 -> -0.69285357 | F17: =CHANGE_SCORES!K33 -> 0.14728086 | G17: =CHANGE_SCORES!N32 -> -5.1052158 | H17: =CHANGE_SCORES!N33 -> 1.4367855 | I17: =CHANGE_SCORES!Q32 -> -5.158083 | J17: =CHANGE_SCORES!Q33 -> 2.0061821 | K17: =CHANGE_SCORES!T32 -> -2 | L17: =CHANGE_SCORES!T33 -> 1
A18: =CHANGE_SCORES!E34 -> 1 | B18: =CHANGE_SCORES!E35 -> 0 | C18: =CHANGE_SCORES!H34 -> 32.543933 | D18: =CHANGE_SCORES!H35 -> 8.1145333 | E18: =CHANGE_SCORES!K34 -> 0.062172402 | F18: =CHANGE_SCORES!K35 -> 0.13018449 | G18: =CHANGE_SCORES!N34 -> 1.7223884 | H18: =CHANGE_SCORES!N35 -> 0.74284779 | I18: =CHANGE_SCORES!Q34 -> 1.4871799 | J18: =CHANGE_SCORES!Q35 -> 0.83239703 | K18: =CHANGE_SCORES!T34 -> 1 | L18: =CHANGE_SCORES!T35 -> 0
A19: =CHANGE_SCORES!E36 -> 0 | B19: =CHANGE_SCORES!E37 -> 0 | C19: =CHANGE_SCORES!H36 -> 3.0886 | D19: =CHANGE_SCORES!H37 -> -18.50751 | E19: =CHANGE_SCORES!K36 -> 0.019139677 | F19: =CHANGE_SCORES!K37 -> -0.017756029 | G19: =CHANGE_SCORES!N36 -> -1.0204205 | H19: =CHANGE_SCORES!N37 -> 0.35451905 | I19: =CHANGE_SCORES!Q36 -> -0.57057313 | J19: =CHANGE_SCORES!Q37 -> -0.62809961 | K19: =CHANGE_SCORES!T36 -> 0 | L19: =CHANGE_SCORES!T37 -> 0
A20: =CHANGE_SCORES!E38 -> -3 | B20: =CHANGE_SCORES!E39 -> 0 | C20: =CHANGE_SCORES!H38 -> -186.35175 | D20: =CHANGE_SCORES!H39 -> -16.21055 | E20: =CHANGE_SCORES!K38 -> -0.79668249 | F20: =CHANGE_SCORES!K39 -> 0.0099262755 | G20: =CHANGE_SCORES!N38 -> -5.6523646 | H20: =CHANGE_SCORES!N39 -> -0.067388849 | I20: =CHANGE_SCORES!Q38 -> -6.0595335 | J20: =CHANGE_SCORES!Q39 -> -0.51438159 | K20: =CHANGE_SCORES!T38 -> -2 | L20: =CHANGE_SCORES!T39 -> 0
A21: =CHANGE_SCORES!E40 -> -3 | B21: =CHANGE_SCORES!E41 -> -1 | C21: =CHANGE_SCORES!H40 -> -174.10128 | D21: =CHANGE_SCORES!H41 -> -69.366714 | E21: =CHANGE_SCORES!K40 -> -0.55771406 | F21: =CHANGE_SCORES!K41 -> -0.19813436 | G21: =CHANGE_SCORES!N40 -> -5.6675095 | H21: =CHANGE_SCORES!N41 -> -1.3594384 | I21: =CHANGE_SCORES!Q40 -> -5.4056996 | J21: =CHANGE_SCORES!Q41 -> -1.6930093 | K21: =CHANGE_SCORES!T40 -> -2 | L21: =CHANGE_SCORES!T41 -> -1
A22: =CHANGE_SCORES!E42 -> -3 | B22: =CHANGE_SCORES!E43 -> 0 | C22: =CHANGE_SCORES!H42 -> -165.88494 | D22: =CHANGE_SCORES!H43 -> 20.922248 | E22: =CHANGE_SCORES!K42 -> -0.51119358 | F22: =CHANGE_SCORES!K43 -> 0.25636081 | G22: =CHANGE_SCORES!N42 -> -5.357697 | H22: =CHANGE_SCORES!N43 -> 0.67831251 | I22: =CHANGE_SCORES!Q42 -> -5.2164357 | J22: =CHANGE_SCORES!Q43 -> 1.3620674 | K22: =CHANGE_SCORES!T42 -> -2 | L22: =CHANGE_SCORES!T43 -> 0
A23: =CHANGE_SCORES!E44 -> -3 | B23: =CHANGE_SCORES!E45 -> 0 | C23: =CHANGE_SCORES!H44 -> -168.79546 | D23: =CHANGE_SCORES!H45 -> 4.7282905 | E23: =CHANGE_SCORES!K44 -> -0.74601068 | F23: =CHANGE_SCORES!K45 -> -0.010575452 | G23: =CHANGE_SCORES!N44 -> -5.4495122 | H23: =CHANGE_SCORES!N45 -> 0.528011 | I23: =CHANGE_SCORES!Q44 -> -5.2225287 | J23: =CHANGE_SCORES!Q45 -> 0.66914033 | K23: =CHANGE_SCORES!T44 -> -2 | L23: =CHANGE_SCORES!T45 -> 0
A24: =CHANGE_SCORES!E46 -> -1 | B24: =CHANGE_SCORES!E47 -> 0 | C24: =CHANGE_SCORES!H46 -> -84.77656 | D24: =CHANGE_SCORES!H47 -> -15.327438 | E24: =CHANGE_SCORES!K46 -> -0.26021883 | F24: =CHANGE_SCORES!K47 -> -0.13510646 | G24: =CHANGE_SCORES!N46 -> -2.2282683 | H24: =CHANGE_SCORES!N47 -> -0.64247131 | I24: =CHANGE_SCORES!Q46 -> -3.2679591 | J24: =CHANGE_SCORES!Q47 -> -1.0077027 | K24: =CHANGE_SCORES!T46 -> -1 | L24: =CHANGE_SCORES!T47 -> 0
A25: =CHANGE_SCORES!E48 -> -3 | B25: =CHANGE_SCORES!E49 -> 1 | C25: =CHANGE_SCORES!H48 -> -212.02092 | D25: =CHANGE_SCORES!H49 -> 46.58665 | E25: =CHANGE_SCORES!K48 -> -0.70989039 | F25: =CHANGE_SCORES!K49 -> 0.053693112 | G25: =CHANGE_SCORES!N48 -> -4.3596003 | H25: =CHANGE_SCORES!N49 -> -0.003460933 | I25: =CHANGE_SCORES!Q48 -> -5.9658852 | J25: =CHANGE_SCORES!Q49 -> 0.59145643 | K25: =CHANGE_SCORES!T48 -> -2 | L25: =CHANGE_SCORES!T49 -> 1
A26: =CHANGE_SCORES!E50 -> 0 | B26: =CHANGE_SCORES!E51 -> -1 | C26: =CHANGE_SCORES!H50 -> -7.1453286 | D26: =CHANGE_SCORES!H51 -> -35.502695 | E26: =CHANGE_SCORES!K50 -> 0.033507891 | F26: =CHANGE_SCORES!K51 -> 0.036856703 | G26: =CHANGE_SCORES!N50 -> -1.6734576 | H26: =CHANGE_SCORES!N51 -> -0.40342831 | I26: =CHANGE_SCORES!Q50 -> -0.1269126 | J26: =CHANGE_SCORES!Q51 -> -0.37791042 | K26: =CHANGE_SCORES!T50 -> 0 | L26: =CHANGE_SCORES!T51 -> -1

Sheet RQ3_DATA
A1: study_code | B1: eligible | C1: w1_duration | D1: w1_dwell | E1: w1_nsd | F1: w1_dsi | G1: w1_doom | H1: rank_duration | I1: rank_dwell | J1: rank_nsd | K1: rank_dsi | L1: rank_doom
A2: =CHANGE_SCORES!A2 -> R1 | B2: =CHANGE_SCORES!V2 -> YES | C2: =IF($B2="YES",CHANGE_SCORES!F2,"") -> 53.354655 | D2: =IF($B2="YES",CHANGE_SCORES!I2,"") -> 6.9538286 | E2: =IF($B2="YES",CHANGE_SCORES!L2,"") -> 30.96581 | F2: =IF($B2="YES",CHANGE_SCORES!O2,"") -> 46.616429 | G2: =IF($B2="YES",CHANGE_SCORES!R2,"") -> 11 | H2: =IF(ISNUMBER(C2),RANK(C2,$C$2:$C$51,1)+(COUNTIF($C$2:$C$51,C2)-1)/2,"") -> 2 | I2: =IF(ISNUMBER(D2),RANK(D2,$D$2:$D$51,1)+(COUNTIF($D$2:$D$51,D2)-1)/2,"") -> 2 | J2: =IF(ISNUMBER(E2),RANK(E2,$E$2:$E$51,1)+(COUNTIF($E$2:$E$51,E2)-1)/2,"") -> 3 | K2: =IF(ISNUMBER(F2),RANK(F2,$F$2:$F$51,1)+(COUNTIF($F$2:$F$51,F2)-1)/2,"") -> 2 | L2: =IF(ISNUMBER(G2),RANK(G2,$G$2:$G$51,1)+(COUNTIF($G$2:$G$51,G2)-1)/2,"") -> 2.5
A3: =CHANGE_SCORES!A3 -> R2 | B3: =CHANGE_SCORES!V3 -> YES | C3: =IF($B3="YES",CHANGE_SCORES!F3,"") -> 71.896802 | D3: =IF($B3="YES",CHANGE_SCORES!I3,"") -> 7.1941616 | E3: =IF($B3="YES",CHANGE_SCORES!L3,"") -> 31.045857 | F3: =IF($B3="YES",CHANGE_SCORES!O3,"") -> 47.462069 | G3: =IF($B3="YES",CHANGE_SCORES!R3,"") -> 12 | H3: =IF(ISNUMBER(C3),RANK(C3,$C$2:$C$51,1)+(COUNTIF($C$2:$C$51,C3)-1)/2,"") -> 4 | I3: =IF(ISNUMBER(D3),RANK(D3,$D$2:$D$51,1)+(COUNTIF($D$2:$D$51,D3)-1)/2,"") -> 5 | J3: =IF(ISNUMBER(E3),RANK(E3,$E$2:$E$51,1)+(COUNTIF($E$2:$E$51,E3)-1)/2,"") -> 4 | K3: =IF(ISNUMBER(F3),RANK(F3,$F$2:$F$51,1)+(COUNTIF($F$2:$F$51,F3)-1)/2,"") -> 6 | L3: =IF(ISNUMBER(G3),RANK(G3,$G$2:$G$51,1)+(COUNTIF($G$2:$G$51,G3)-1)/2,"") -> 4.5
A4: =CHANGE_SCORES!A4 -> R3 | B4: =CHANGE_SCORES!V4 -> YES | C4: =IF($B4="YES",CHANGE_SCORES!F4,"") -> 83.861907 | D4: =IF($B4="YES",CHANGE_SCORES!I4,"") -> 7.4696675 | E4: =IF($B4="YES",CHANGE_SCORES!L4,"") -> 32.699071 | F4: =IF($B4="YES",CHANGE_SCORES!O4,"") -> 48.686216 | G4: =IF($B4="YES",CHANGE_SCORES!R4,"") -> 13 | H4: =IF(ISNUMBER(C4),RANK(C4,$C$2:$C$51,1)+(COUNTIF($C$2:$C$51,C4)-1)/2,"") -> 7 | I4: =IF(ISNUMBER(D4),RANK(D4,$D$2:$D$51,1)+(COUNTIF($D$2:$D$51,D4)-1)/2,"") -> 8 | J4: =IF(ISNUMBER(E4),RANK(E4,$E$2:$E$51,1)+(COUNTIF($E$2:$E$51,E4)-1)/2,"") -> 8 | K4: =IF(ISNUMBER(F4),RANK(F4,$F$2:$F$51,1)+(COUNTIF($F$2:$F$51,F4)-1)/2,"") -> 8 | L4: =IF(ISNUMBER(G4),RANK(G4,$G$2:$G$51,1)+(COUNTIF($G$2:$G$51,G4)-1)/2,"") -> 9
A5: =CHANGE_SCORES!A5 -> R4 | B5: =CHANGE_SCORES!V5 -> YES | C5: =IF($B5="YES",CHANGE_SCORES!F5,"") -> 97.320948 | D5: =IF($B5="YES",CHANGE_SCORES!I5,"") -> 7.038964 | E5: =IF($B5="YES",CHANGE_SCORES!L5,"") -> 31.117105 | F5: =IF($B5="YES",CHANGE_SCORES!O5,"") -> 47.385778 | G5: =IF($B5="YES",CHANGE_SCORES!R5,"") -> 14 | H5: =IF(ISNUMBER(C5),RANK(C5,$C$2:$C$51,1)+(COUNTIF($C$2:$C$51,C5)-1)/2,"") -> 8 | I5: =IF(ISNUMBER(D5),RANK(D5,$D$2:$D$51,1)+(COUNTIF($D$2:$D$51,D5)-1)/2,"") -> 3 | J5: =IF(ISNUMBER(E5),RANK(E5,$E$2:$E$51,1)+(COUNTIF($E$2:$E$51,E5)-1)/2,"") -> 6 | K5: =IF(ISNUMBER(F5),RANK(F5,$F$2:$F$51,1)+(COUNTIF($F$2:$F$51,F5)-1)/2,"") -> 5 | L5: =IF(ISNUMBER(G5),RANK(G5,$G$2:$G$51,1)+(COUNTIF($G$2:$G$51,G5)-1)/2,"") -> 15.5
A6: =CHANGE_SCORES!A6 -> R5 | B6: =CHANGE_SCORES!V6 -> NO | C6: =IF($B6="YES",CHANGE_SCORES!F6,"") | D6: =IF($B6="YES",CHANGE_SCORES!I6,"") | E6: =IF($B6="YES",CHANGE_SCORES!L6,"") | F6: =IF($B6="YES",CHANGE_SCORES!O6,"") | G6: =IF($B6="YES",CHANGE_SCORES!R6,"") | H6: =IF(ISNUMBER(C6),RANK(C6,$C$2:$C$51,1)+(COUNTIF($C$2:$C$51,C6)-1)/2,"") | I6: =IF(ISNUMBER(D6),RANK(D6,$D$2:$D$51,1)+(COUNTIF($D$2:$D$51,D6)-1)/2,"") | J6: =IF(ISNUMBER(E6),RANK(E6,$E$2:$E$51,1)+(COUNTIF($E$2:$E$51,E6)-1)/2,"") | K6: =IF(ISNUMBER(F6),RANK(F6,$F$2:$F$51,1)+(COUNTIF($F$2:$F$51,F6)-1)/2,"") | L6: =IF(ISNUMBER(G6),RANK(G6,$G$2:$G$51,1)+(COUNTIF($G$2:$G$51,G6)-1)/2,"")
